--- Startup times for process: Primary (or UI client) ---

times in msec
 clock   self+sourced   self:  sourced script
 clock   elapsed:              other lines

000.001  000.001: --- NVIM STARTING ---
000.107  000.107: event init
000.173  000.066: early init
000.206  000.033: locale set
000.252  000.046: init first window
000.507  000.255: inits 1
000.513  000.006: window checked
000.515  000.002: parsing arguments
000.837  000.028  000.028: require('vim.shared')
000.897  000.025  000.025: require('vim.inspect')
000.926  000.024  000.024: require('vim._options')
000.928  000.088  000.039: require('vim._editor')
000.928  000.135  000.019: require('vim._init_packages')
000.929  000.279: init lua interpreter
003.021  002.091: nvim_ui_attach
003.302  000.281: nvim_set_client_info
003.304  000.002: --- NVIM STARTED ---

--- Startup times for process: Embedded ---

times in msec
 clock   self+sourced   self:  sourced script
 clock   elapsed:              other lines

000.000  000.000: --- NVIM STARTING ---
000.076  000.075: event init
000.126  000.051: early init
000.152  000.026: locale set
000.177  000.025: init first window
000.389  000.211: inits 1
000.396  000.007: window checked
000.397  000.001: parsing arguments
000.784  000.031  000.031: require('vim.shared')
000.863  000.025  000.025: require('vim.inspect')
000.921  000.053  000.053: require('vim._options')
000.922  000.136  000.058: require('vim._editor')
000.923  000.201  000.034: require('vim._init_packages')
000.924  000.327: init lua interpreter
000.970  000.046: expanding arguments
000.987  000.017: inits 2
001.176  000.189: init highlight
001.176  000.001: waiting for UI
001.284  000.108: done waiting for UI
001.290  000.006: clear screen
001.425  000.008  000.008: require('vim.keymap')
001.960  000.085  000.085: sourcing nvim_exec2()
003.730  001.704  001.704: require('vim.termcap')
003.762  000.014  000.014: require('vim.text')
003.835  002.542  000.732: require('vim._defaults')
003.837  000.005: init default mappings & autocommands
004.476  000.618  000.618: sourcing /usr/share/nvim/runtime/ftplugin.vim
005.097  000.591  000.591: sourcing /usr/share/nvim/runtime/indent.vim
006.086  000.407  000.407: sourcing /usr/share/nvim/archlinux.lua
006.090  000.968  000.561: sourcing /etc/xdg/nvim/sysinit.vim
007.525  000.940  000.940: require('commands')
008.771  000.341  000.341: require('./utils')
008.779  000.670  000.329: require('functions')
008.928  001.401  000.731: require('mappings')
009.270  000.340  000.340: require('options')
011.336  000.051  000.051: require('vim.fs')
011.357  000.485  000.434: require('vim.lsp.log')
013.080  001.721  001.721: require('vim.lsp.protocol')
015.016  001.931  001.931: require('vim.lsp.util')
016.349  000.715  000.715: require('vim.lsp.sync')
016.355  001.335  000.620: require('vim.lsp._changetracking')
017.728  000.515  000.515: require('vim.lsp._transport')
017.744  001.387  000.872: require('vim.lsp.rpc')
017.765  008.173  001.313: require('vim.lsp')
017.780  008.507  000.334: require('lsp')
019.195  000.422  000.422: require('lazy')
019.514  000.316  000.316: require('lazy_config')
019.556  000.025  000.025: require('ffi')
019.892  000.314  000.314: require('vim.uri')
019.905  000.346  000.032: require('vim.loader')
020.742  000.822  000.822: require('lazy.stats')
021.153  000.392  000.392: require('lazy.core.util')
021.665  000.509  000.509: require('lazy.core.config')
022.390  000.393  000.393: require('lazy.core.handler')
023.530  000.320  000.320: require('lazy.pkg')
023.534  000.805  000.485: require('lazy.core.meta')
023.541  001.148  000.343: require('lazy.core.plugin')
023.547  001.878  000.337: require('lazy.core.loader')
024.257  000.521  000.521: require('lazy.core.fragments')
028.605  000.451  000.451: require('lazy.core.handler.event')
028.989  000.377  000.377: require('lazy.core.handler.cmd')
029.387  000.394  000.394: require('lazy.core.handler.ft')
029.948  000.554  000.554: require('lazy.core.handler.keys')
030.608  000.009  000.009: sourcing nvim_exec2() called at /root/.config/nvim/init.lua:0
030.620  000.001  000.001: sourcing nvim_exec2() called at /root/.config/nvim/init.lua:0
031.492  000.073  000.073: sourcing nvim_exec2() called at /usr/share/nvim/runtime/filetype.lua:0
031.495  000.582  000.510: sourcing /usr/share/nvim/runtime/filetype.lua
031.498  000.606  000.024: sourcing nvim_exec2() called at /root/.config/nvim/init.lua:0
032.810  000.004  000.004: sourcing nvim_exec2() called at ColorSchemePre Autocommands for "*":0
032.816  000.001  000.001: sourcing nvim_exec2() called at ColorSchemePre Autocommands for "*":0
034.674  000.403  000.403: require('poimandres.utils')
034.677  001.858  001.455: require('poimandres')
036.030  000.592  000.592: require('poimandres.theme')
036.316  000.282  000.282: require('poimandres.palette')
036.412  000.010  000.010: sourcing nvim_exec2() called at /root/.local/share/nvim/lazy/poimandres.nvim/colors/poimandres.lua:0
036.417  000.002  000.002: sourcing nvim_exec2() called at /root/.local/share/nvim/lazy/poimandres.nvim/colors/poimandres.lua:0
036.453  000.034  000.034: sourcing nvim_exec2() called at /root/.local/share/nvim/lazy/poimandres.nvim/colors/poimandres.lua:0
036.474  000.017  000.017: sourcing nvim_exec2() called at /root/.local/share/nvim/lazy/poimandres.nvim/colors/poimandres.lua:0
036.480  000.002  000.002: sourcing nvim_exec2() called at /root/.local/share/nvim/lazy/poimandres.nvim/colors/poimandres.lua:0
036.484  000.002  000.002: sourcing nvim_exec2() called at /root/.local/share/nvim/lazy/poimandres.nvim/colors/poimandres.lua:0
036.530  000.003  000.003: sourcing nvim_exec2() called at /root/.local/share/nvim/lazy/poimandres.nvim/colors/poimandres.lua:0
036.544  000.011  000.011: sourcing nvim_exec2() called at /root/.local/share/nvim/lazy/poimandres.nvim/colors/poimandres.lua:0
036.547  000.001  000.001: sourcing nvim_exec2() called at /root/.local/share/nvim/lazy/poimandres.nvim/colors/poimandres.lua:0
036.553  000.001  000.001: sourcing nvim_exec2() called at /root/.local/share/nvim/lazy/poimandres.nvim/colors/poimandres.lua:0
036.556  000.001  000.001: sourcing nvim_exec2() called at /root/.local/share/nvim/lazy/poimandres.nvim/colors/poimandres.lua:0
036.558  000.001  000.001: sourcing nvim_exec2() called at /root/.local/share/nvim/lazy/poimandres.nvim/colors/poimandres.lua:0
036.561  000.002  000.002: sourcing nvim_exec2() called at /root/.local/share/nvim/lazy/poimandres.nvim/colors/poimandres.lua:0
036.563  000.001  000.001: sourcing nvim_exec2() called at /root/.local/share/nvim/lazy/poimandres.nvim/colors/poimandres.lua:0
036.566  000.001  000.001: sourcing nvim_exec2() called at /root/.local/share/nvim/lazy/poimandres.nvim/colors/poimandres.lua:0
036.568  000.001  000.001: sourcing nvim_exec2() called at /root/.local/share/nvim/lazy/poimandres.nvim/colors/poimandres.lua:0
036.571  000.001  000.001: sourcing nvim_exec2() called at /root/.local/share/nvim/lazy/poimandres.nvim/colors/poimandres.lua:0
036.574  000.001  000.001: sourcing nvim_exec2() called at /root/.local/share/nvim/lazy/poimandres.nvim/colors/poimandres.lua:0
036.576  000.001  000.001: sourcing nvim_exec2() called at /root/.local/share/nvim/lazy/poimandres.nvim/colors/poimandres.lua:0
036.620  000.003  000.003: sourcing nvim_exec2() called at /root/.local/share/nvim/lazy/poimandres.nvim/colors/poimandres.lua:0
036.623  000.001  000.001: sourcing nvim_exec2() called at /root/.local/share/nvim/lazy/poimandres.nvim/colors/poimandres.lua:0
036.640  000.002  000.002: sourcing nvim_exec2() called at /root/.local/share/nvim/lazy/poimandres.nvim/colors/poimandres.lua:0
036.643  000.001  000.001: sourcing nvim_exec2() called at /root/.local/share/nvim/lazy/poimandres.nvim/colors/poimandres.lua:0
036.646  000.001  000.001: sourcing nvim_exec2() called at /root/.local/share/nvim/lazy/poimandres.nvim/colors/poimandres.lua:0
036.648  000.001  000.001: sourcing nvim_exec2() called at /root/.local/share/nvim/lazy/poimandres.nvim/colors/poimandres.lua:0
036.650  000.001  000.001: sourcing nvim_exec2() called at /root/.local/share/nvim/lazy/poimandres.nvim/colors/poimandres.lua:0
036.653  000.001  000.001: sourcing nvim_exec2() called at /root/.local/share/nvim/lazy/poimandres.nvim/colors/poimandres.lua:0
036.656  000.001  000.001: sourcing nvim_exec2() called at /root/.local/share/nvim/lazy/poimandres.nvim/colors/poimandres.lua:0
036.677  000.002  000.002: sourcing nvim_exec2() called at /root/.local/share/nvim/lazy/poimandres.nvim/colors/poimandres.lua:0
036.680  000.001  000.001: sourcing nvim_exec2() called at /root/.local/share/nvim/lazy/poimandres.nvim/colors/poimandres.lua:0
036.683  000.001  000.001: sourcing nvim_exec2() called at /root/.local/share/nvim/lazy/poimandres.nvim/colors/poimandres.lua:0
036.686  000.001  000.001: sourcing nvim_exec2() called at /root/.local/share/nvim/lazy/poimandres.nvim/colors/poimandres.lua:0
036.688  000.001  000.001: sourcing nvim_exec2() called at /root/.local/share/nvim/lazy/poimandres.nvim/colors/poimandres.lua:0
036.713  000.001  000.001: sourcing nvim_exec2() called at /root/.local/share/nvim/lazy/poimandres.nvim/colors/poimandres.lua:0
036.715  000.001  000.001: sourcing nvim_exec2() called at /root/.local/share/nvim/lazy/poimandres.nvim/colors/poimandres.lua:0
036.717  000.001  000.001: sourcing nvim_exec2() called at /root/.local/share/nvim/lazy/poimandres.nvim/colors/poimandres.lua:0
036.721  000.002  000.002: sourcing nvim_exec2() called at /root/.local/share/nvim/lazy/poimandres.nvim/colors/poimandres.lua:0
036.723  000.001  000.001: sourcing nvim_exec2() called at /root/.local/share/nvim/lazy/poimandres.nvim/colors/poimandres.lua:0
036.726  000.001  000.001: sourcing nvim_exec2() called at /root/.local/share/nvim/lazy/poimandres.nvim/colors/poimandres.lua:0
036.728  000.001  000.001: sourcing nvim_exec2() called at /root/.local/share/nvim/lazy/poimandres.nvim/colors/poimandres.lua:0
036.730  000.001  000.001: sourcing nvim_exec2() called at /root/.local/share/nvim/lazy/poimandres.nvim/colors/poimandres.lua:0
036.735  000.001  000.001: sourcing nvim_exec2() called at /root/.local/share/nvim/lazy/poimandres.nvim/colors/poimandres.lua:0
036.737  000.001  000.001: sourcing nvim_exec2() called at /root/.local/share/nvim/lazy/poimandres.nvim/colors/poimandres.lua:0
036.740  000.001  000.001: sourcing nvim_exec2() called at /root/.local/share/nvim/lazy/poimandres.nvim/colors/poimandres.lua:0
036.742  000.001  000.001: sourcing nvim_exec2() called at /root/.local/share/nvim/lazy/poimandres.nvim/colors/poimandres.lua:0
036.744  000.001  000.001: sourcing nvim_exec2() called at /root/.local/share/nvim/lazy/poimandres.nvim/colors/poimandres.lua:0
036.746  000.001  000.001: sourcing nvim_exec2() called at /root/.local/share/nvim/lazy/poimandres.nvim/colors/poimandres.lua:0
036.748  000.001  000.001: sourcing nvim_exec2() called at /root/.local/share/nvim/lazy/poimandres.nvim/colors/poimandres.lua:0
036.750  000.001  000.001: sourcing nvim_exec2() called at /root/.local/share/nvim/lazy/poimandres.nvim/colors/poimandres.lua:0
036.752  000.001  000.001: sourcing nvim_exec2() called at /root/.local/share/nvim/lazy/poimandres.nvim/colors/poimandres.lua:0
036.754  000.001  000.001: sourcing nvim_exec2() called at /root/.local/share/nvim/lazy/poimandres.nvim/colors/poimandres.lua:0
036.756  000.001  000.001: sourcing nvim_exec2() called at /root/.local/share/nvim/lazy/poimandres.nvim/colors/poimandres.lua:0
036.759  000.001  000.001: sourcing nvim_exec2() called at /root/.local/share/nvim/lazy/poimandres.nvim/colors/poimandres.lua:0
036.761  000.001  000.001: sourcing nvim_exec2() called at /root/.local/share/nvim/lazy/poimandres.nvim/colors/poimandres.lua:0
036.792  000.002  000.002: sourcing nvim_exec2() called at /root/.local/share/nvim/lazy/poimandres.nvim/colors/poimandres.lua:0
036.795  000.001  000.001: sourcing nvim_exec2() called at /root/.local/share/nvim/lazy/poimandres.nvim/colors/poimandres.lua:0
036.797  000.001  000.001: sourcing nvim_exec2() called at /root/.local/share/nvim/lazy/poimandres.nvim/colors/poimandres.lua:0
036.799  000.001  000.001: sourcing nvim_exec2() called at /root/.local/share/nvim/lazy/poimandres.nvim/colors/poimandres.lua:0
036.833  000.002  000.002: sourcing nvim_exec2() called at /root/.local/share/nvim/lazy/poimandres.nvim/colors/poimandres.lua:0
036.836  000.001  000.001: sourcing nvim_exec2() called at /root/.local/share/nvim/lazy/poimandres.nvim/colors/poimandres.lua:0
036.838  000.001  000.001: sourcing nvim_exec2() called at /root/.local/share/nvim/lazy/poimandres.nvim/colors/poimandres.lua:0
036.853  000.001  000.001: sourcing nvim_exec2() called at /root/.local/share/nvim/lazy/poimandres.nvim/colors/poimandres.lua:0
036.855  000.001  000.001: sourcing nvim_exec2() called at /root/.local/share/nvim/lazy/poimandres.nvim/colors/poimandres.lua:0
036.857  000.001  000.001: sourcing nvim_exec2() called at /root/.local/share/nvim/lazy/poimandres.nvim/colors/poimandres.lua:0
036.858  000.001  000.001: sourcing nvim_exec2() called at /root/.local/share/nvim/lazy/poimandres.nvim/colors/poimandres.lua:0
036.860  000.001  000.001: sourcing nvim_exec2() called at /root/.local/share/nvim/lazy/poimandres.nvim/colors/poimandres.lua:0
036.862  000.001  000.001: sourcing nvim_exec2() called at /root/.local/share/nvim/lazy/poimandres.nvim/colors/poimandres.lua:0
036.864  000.001  000.001: sourcing nvim_exec2() called at /root/.local/share/nvim/lazy/poimandres.nvim/colors/poimandres.lua:0
036.865  000.001  000.001: sourcing nvim_exec2() called at /root/.local/share/nvim/lazy/poimandres.nvim/colors/poimandres.lua:0
036.867  000.001  000.001: sourcing nvim_exec2() called at /root/.local/share/nvim/lazy/poimandres.nvim/colors/poimandres.lua:0
036.869  000.001  000.001: sourcing nvim_exec2() called at /root/.local/share/nvim/lazy/poimandres.nvim/colors/poimandres.lua:0
036.871  000.001  000.001: sourcing nvim_exec2() called at /root/.local/share/nvim/lazy/poimandres.nvim/colors/poimandres.lua:0
036.873  000.001  000.001: sourcing nvim_exec2() called at /root/.local/share/nvim/lazy/poimandres.nvim/colors/poimandres.lua:0
036.875  000.001  000.001: sourcing nvim_exec2() called at /root/.local/share/nvim/lazy/poimandres.nvim/colors/poimandres.lua:0
036.877  000.001  000.001: sourcing nvim_exec2() called at /root/.local/share/nvim/lazy/poimandres.nvim/colors/poimandres.lua:0
036.879  000.001  000.001: sourcing nvim_exec2() called at /root/.local/share/nvim/lazy/poimandres.nvim/colors/poimandres.lua:0
036.883  000.001  000.001: sourcing nvim_exec2() called at /root/.local/share/nvim/lazy/poimandres.nvim/colors/poimandres.lua:0
036.885  000.001  000.001: sourcing nvim_exec2() called at /root/.local/share/nvim/lazy/poimandres.nvim/colors/poimandres.lua:0
036.890  000.001  000.001: sourcing nvim_exec2() called at /root/.local/share/nvim/lazy/poimandres.nvim/colors/poimandres.lua:0
036.893  000.001  000.001: sourcing nvim_exec2() called at /root/.local/share/nvim/lazy/poimandres.nvim/colors/poimandres.lua:0
036.895  000.001  000.001: sourcing nvim_exec2() called at /root/.local/share/nvim/lazy/poimandres.nvim/colors/poimandres.lua:0
036.897  000.001  000.001: sourcing nvim_exec2() called at /root/.local/share/nvim/lazy/poimandres.nvim/colors/poimandres.lua:0
036.898  000.001  000.001: sourcing nvim_exec2() called at /root/.local/share/nvim/lazy/poimandres.nvim/colors/poimandres.lua:0
036.900  000.001  000.001: sourcing nvim_exec2() called at /root/.local/share/nvim/lazy/poimandres.nvim/colors/poimandres.lua:0
036.902  000.001  000.001: sourcing nvim_exec2() called at /root/.local/share/nvim/lazy/poimandres.nvim/colors/poimandres.lua:0
036.905  000.001  000.001: sourcing nvim_exec2() called at /root/.local/share/nvim/lazy/poimandres.nvim/colors/poimandres.lua:0
036.908  000.001  000.001: sourcing nvim_exec2() called at /root/.local/share/nvim/lazy/poimandres.nvim/colors/poimandres.lua:0
036.910  000.001  000.001: sourcing nvim_exec2() called at /root/.local/share/nvim/lazy/poimandres.nvim/colors/poimandres.lua:0
036.912  000.001  000.001: sourcing nvim_exec2() called at /root/.local/share/nvim/lazy/poimandres.nvim/colors/poimandres.lua:0
036.914  000.001  000.001: sourcing nvim_exec2() called at /root/.local/share/nvim/lazy/poimandres.nvim/colors/poimandres.lua:0
036.916  000.001  000.001: sourcing nvim_exec2() called at /root/.local/share/nvim/lazy/poimandres.nvim/colors/poimandres.lua:0
036.917  000.001  000.001: sourcing nvim_exec2() called at /root/.local/share/nvim/lazy/poimandres.nvim/colors/poimandres.lua:0
036.919  000.001  000.001: sourcing nvim_exec2() called at /root/.local/share/nvim/lazy/poimandres.nvim/colors/poimandres.lua:0
036.950  000.029  000.029: sourcing nvim_exec2() called at /root/.local/share/nvim/lazy/poimandres.nvim/colors/poimandres.lua:0
036.952  000.001  000.001: sourcing nvim_exec2() called at /root/.local/share/nvim/lazy/poimandres.nvim/colors/poimandres.lua:0
036.957  000.001  000.001: sourcing nvim_exec2() called at /root/.local/share/nvim/lazy/poimandres.nvim/colors/poimandres.lua:0
036.959  000.001  000.001: sourcing nvim_exec2() called at /root/.local/share/nvim/lazy/poimandres.nvim/colors/poimandres.lua:0
036.967  000.001  000.001: sourcing nvim_exec2() called at /root/.local/share/nvim/lazy/poimandres.nvim/colors/poimandres.lua:0
036.969  000.001  000.001: sourcing nvim_exec2() called at /root/.local/share/nvim/lazy/poimandres.nvim/colors/poimandres.lua:0
036.970  000.001  000.001: sourcing nvim_exec2() called at /root/.local/share/nvim/lazy/poimandres.nvim/colors/poimandres.lua:0
036.973  000.001  000.001: sourcing nvim_exec2() called at /root/.local/share/nvim/lazy/poimandres.nvim/colors/poimandres.lua:0
036.975  000.001  000.001: sourcing nvim_exec2() called at /root/.local/share/nvim/lazy/poimandres.nvim/colors/poimandres.lua:0
036.977  000.001  000.001: sourcing nvim_exec2() called at /root/.local/share/nvim/lazy/poimandres.nvim/colors/poimandres.lua:0
036.979  000.001  000.001: sourcing nvim_exec2() called at /root/.local/share/nvim/lazy/poimandres.nvim/colors/poimandres.lua:0
036.981  000.001  000.001: sourcing nvim_exec2() called at /root/.local/share/nvim/lazy/poimandres.nvim/colors/poimandres.lua:0
036.982  000.001  000.001: sourcing nvim_exec2() called at /root/.local/share/nvim/lazy/poimandres.nvim/colors/poimandres.lua:0
036.984  000.001  000.001: sourcing nvim_exec2() called at /root/.local/share/nvim/lazy/poimandres.nvim/colors/poimandres.lua:0
036.986  000.001  000.001: sourcing nvim_exec2() called at /root/.local/share/nvim/lazy/poimandres.nvim/colors/poimandres.lua:0
036.987  000.001  000.001: sourcing nvim_exec2() called at /root/.local/share/nvim/lazy/poimandres.nvim/colors/poimandres.lua:0
036.989  000.001  000.001: sourcing nvim_exec2() called at /root/.local/share/nvim/lazy/poimandres.nvim/colors/poimandres.lua:0
036.992  000.001  000.001: sourcing nvim_exec2() called at /root/.local/share/nvim/lazy/poimandres.nvim/colors/poimandres.lua:0
036.994  000.001  000.001: sourcing nvim_exec2() called at /root/.local/share/nvim/lazy/poimandres.nvim/colors/poimandres.lua:0
036.997  000.001  000.001: sourcing nvim_exec2() called at /root/.local/share/nvim/lazy/poimandres.nvim/colors/poimandres.lua:0
036.999  000.001  000.001: sourcing nvim_exec2() called at /root/.local/share/nvim/lazy/poimandres.nvim/colors/poimandres.lua:0
037.003  000.002  000.002: sourcing nvim_exec2() called at /root/.local/share/nvim/lazy/poimandres.nvim/colors/poimandres.lua:0
037.006  000.001  000.001: sourcing nvim_exec2() called at /root/.local/share/nvim/lazy/poimandres.nvim/colors/poimandres.lua:0
037.009  000.001  000.001: sourcing nvim_exec2() called at /root/.local/share/nvim/lazy/poimandres.nvim/colors/poimandres.lua:0
037.012  000.001  000.001: sourcing nvim_exec2() called at /root/.local/share/nvim/lazy/poimandres.nvim/colors/poimandres.lua:0
037.024  000.002  000.002: sourcing nvim_exec2() called at /root/.local/share/nvim/lazy/poimandres.nvim/colors/poimandres.lua:0
037.027  000.001  000.001: sourcing nvim_exec2() called at /root/.local/share/nvim/lazy/poimandres.nvim/colors/poimandres.lua:0
037.071  000.002  000.002: sourcing nvim_exec2() called at /root/.local/share/nvim/lazy/poimandres.nvim/colors/poimandres.lua:0
037.098  000.002  000.002: sourcing nvim_exec2() called at /root/.local/share/nvim/lazy/poimandres.nvim/colors/poimandres.lua:0
037.101  000.001  000.001: sourcing nvim_exec2() called at /root/.local/share/nvim/lazy/poimandres.nvim/colors/poimandres.lua:0
037.104  000.001  000.001: sourcing nvim_exec2() called at /root/.local/share/nvim/lazy/poimandres.nvim/colors/poimandres.lua:0
037.106  000.001  000.001: sourcing nvim_exec2() called at /root/.local/share/nvim/lazy/poimandres.nvim/colors/poimandres.lua:0
037.128  000.002  000.002: sourcing nvim_exec2() called at /root/.local/share/nvim/lazy/poimandres.nvim/colors/poimandres.lua:0
037.155  000.002  000.002: sourcing nvim_exec2() called at /root/.local/share/nvim/lazy/poimandres.nvim/colors/poimandres.lua:0
037.158  000.001  000.001: sourcing nvim_exec2() called at /root/.local/share/nvim/lazy/poimandres.nvim/colors/poimandres.lua:0
037.173  000.002  000.002: sourcing nvim_exec2() called at /root/.local/share/nvim/lazy/poimandres.nvim/colors/poimandres.lua:0
037.176  000.001  000.001: sourcing nvim_exec2() called at /root/.local/share/nvim/lazy/poimandres.nvim/colors/poimandres.lua:0
037.178  000.001  000.001: sourcing nvim_exec2() called at /root/.local/share/nvim/lazy/poimandres.nvim/colors/poimandres.lua:0
037.180  000.001  000.001: sourcing nvim_exec2() called at /root/.local/share/nvim/lazy/poimandres.nvim/colors/poimandres.lua:0
037.183  000.001  000.001: sourcing nvim_exec2() called at /root/.local/share/nvim/lazy/poimandres.nvim/colors/poimandres.lua:0
037.186  000.001  000.001: sourcing nvim_exec2() called at /root/.local/share/nvim/lazy/poimandres.nvim/colors/poimandres.lua:0
037.189  000.001  000.001: sourcing nvim_exec2() called at /root/.local/share/nvim/lazy/poimandres.nvim/colors/poimandres.lua:0
037.204  000.002  000.002: sourcing nvim_exec2() called at /root/.local/share/nvim/lazy/poimandres.nvim/colors/poimandres.lua:0
037.207  000.001  000.001: sourcing nvim_exec2() called at /root/.local/share/nvim/lazy/poimandres.nvim/colors/poimandres.lua:0
037.211  000.001  000.001: sourcing nvim_exec2() called at /root/.local/share/nvim/lazy/poimandres.nvim/colors/poimandres.lua:0
037.214  000.001  000.001: sourcing nvim_exec2() called at /root/.local/share/nvim/lazy/poimandres.nvim/colors/poimandres.lua:0
037.216  000.001  000.001: sourcing nvim_exec2() called at /root/.local/share/nvim/lazy/poimandres.nvim/colors/poimandres.lua:0
037.218  000.001  000.001: sourcing nvim_exec2() called at /root/.local/share/nvim/lazy/poimandres.nvim/colors/poimandres.lua:0
037.221  000.001  000.001: sourcing nvim_exec2() called at /root/.local/share/nvim/lazy/poimandres.nvim/colors/poimandres.lua:0
037.223  000.001  000.001: sourcing nvim_exec2() called at /root/.local/share/nvim/lazy/poimandres.nvim/colors/poimandres.lua:0
037.226  000.001  000.001: sourcing nvim_exec2() called at /root/.local/share/nvim/lazy/poimandres.nvim/colors/poimandres.lua:0
037.228  000.001  000.001: sourcing nvim_exec2() called at /root/.local/share/nvim/lazy/poimandres.nvim/colors/poimandres.lua:0
037.230  000.001  000.001: sourcing nvim_exec2() called at /root/.local/share/nvim/lazy/poimandres.nvim/colors/poimandres.lua:0
037.233  000.001  000.001: sourcing nvim_exec2() called at /root/.local/share/nvim/lazy/poimandres.nvim/colors/poimandres.lua:0
037.274  000.007  000.007: sourcing nvim_exec2() called at /root/.local/share/nvim/lazy/poimandres.nvim/colors/poimandres.lua:0
037.277  000.001  000.001: sourcing nvim_exec2() called at /root/.local/share/nvim/lazy/poimandres.nvim/colors/poimandres.lua:0
037.291  000.002  000.002: sourcing nvim_exec2() called at /root/.local/share/nvim/lazy/poimandres.nvim/colors/poimandres.lua:0
037.294  000.001  000.001: sourcing nvim_exec2() called at /root/.local/share/nvim/lazy/poimandres.nvim/colors/poimandres.lua:0
037.297  000.001  000.001: sourcing nvim_exec2() called at /root/.local/share/nvim/lazy/poimandres.nvim/colors/poimandres.lua:0
037.300  000.001  000.001: sourcing nvim_exec2() called at /root/.local/share/nvim/lazy/poimandres.nvim/colors/poimandres.lua:0
037.302  000.001  000.001: sourcing nvim_exec2() called at /root/.local/share/nvim/lazy/poimandres.nvim/colors/poimandres.lua:0
037.304  000.001  000.001: sourcing nvim_exec2() called at /root/.local/share/nvim/lazy/poimandres.nvim/colors/poimandres.lua:0
037.306  000.001  000.001: sourcing nvim_exec2() called at /root/.local/share/nvim/lazy/poimandres.nvim/colors/poimandres.lua:0
037.308  000.001  000.001: sourcing nvim_exec2() called at /root/.local/share/nvim/lazy/poimandres.nvim/colors/poimandres.lua:0
037.310  000.001  000.001: sourcing nvim_exec2() called at /root/.local/share/nvim/lazy/poimandres.nvim/colors/poimandres.lua:0
037.312  000.001  000.001: sourcing nvim_exec2() called at /root/.local/share/nvim/lazy/poimandres.nvim/colors/poimandres.lua:0
037.316  000.001  000.001: sourcing nvim_exec2() called at /root/.local/share/nvim/lazy/poimandres.nvim/colors/poimandres.lua:0
037.318  000.001  000.001: sourcing nvim_exec2() called at /root/.local/share/nvim/lazy/poimandres.nvim/colors/poimandres.lua:0
037.326  000.001  000.001: sourcing nvim_exec2() called at /root/.local/share/nvim/lazy/poimandres.nvim/colors/poimandres.lua:0
037.328  000.001  000.001: sourcing nvim_exec2() called at /root/.local/share/nvim/lazy/poimandres.nvim/colors/poimandres.lua:0
037.330  000.001  000.001: sourcing nvim_exec2() called at /root/.local/share/nvim/lazy/poimandres.nvim/colors/poimandres.lua:0
037.332  000.001  000.001: sourcing nvim_exec2() called at /root/.local/share/nvim/lazy/poimandres.nvim/colors/poimandres.lua:0
037.334  000.001  000.001: sourcing nvim_exec2() called at /root/.local/share/nvim/lazy/poimandres.nvim/colors/poimandres.lua:0
037.335  000.001  000.001: sourcing nvim_exec2() called at /root/.local/share/nvim/lazy/poimandres.nvim/colors/poimandres.lua:0
037.337  000.001  000.001: sourcing nvim_exec2() called at /root/.local/share/nvim/lazy/poimandres.nvim/colors/poimandres.lua:0
037.339  000.001  000.001: sourcing nvim_exec2() called at /root/.local/share/nvim/lazy/poimandres.nvim/colors/poimandres.lua:0
037.342  000.001  000.001: sourcing nvim_exec2() called at /root/.local/share/nvim/lazy/poimandres.nvim/colors/poimandres.lua:0
037.344  000.001  000.001: sourcing nvim_exec2() called at /root/.local/share/nvim/lazy/poimandres.nvim/colors/poimandres.lua:0
037.346  000.001  000.001: sourcing nvim_exec2() called at /root/.local/share/nvim/lazy/poimandres.nvim/colors/poimandres.lua:0
037.348  000.001  000.001: sourcing nvim_exec2() called at /root/.local/share/nvim/lazy/poimandres.nvim/colors/poimandres.lua:0
037.351  000.001  000.001: sourcing nvim_exec2() called at /root/.local/share/nvim/lazy/poimandres.nvim/colors/poimandres.lua:0
037.353  000.001  000.001: sourcing nvim_exec2() called at /root/.local/share/nvim/lazy/poimandres.nvim/colors/poimandres.lua:0
037.355  000.001  000.001: sourcing nvim_exec2() called at /root/.local/share/nvim/lazy/poimandres.nvim/colors/poimandres.lua:0
037.358  000.001  000.001: sourcing nvim_exec2() called at /root/.local/share/nvim/lazy/poimandres.nvim/colors/poimandres.lua:0
037.361  000.001  000.001: sourcing nvim_exec2() called at /root/.local/share/nvim/lazy/poimandres.nvim/colors/poimandres.lua:0
037.362  000.001  000.001: sourcing nvim_exec2() called at /root/.local/share/nvim/lazy/poimandres.nvim/colors/poimandres.lua:0
037.365  000.001  000.001: sourcing nvim_exec2() called at /root/.local/share/nvim/lazy/poimandres.nvim/colors/poimandres.lua:0
037.367  000.001  000.001: sourcing nvim_exec2() called at /root/.local/share/nvim/lazy/poimandres.nvim/colors/poimandres.lua:0
037.369  000.001  000.001: sourcing nvim_exec2() called at /root/.local/share/nvim/lazy/poimandres.nvim/colors/poimandres.lua:0
037.371  000.001  000.001: sourcing nvim_exec2() called at /root/.local/share/nvim/lazy/poimandres.nvim/colors/poimandres.lua:0
037.372  000.001  000.001: sourcing nvim_exec2() called at /root/.local/share/nvim/lazy/poimandres.nvim/colors/poimandres.lua:0
037.374  000.001  000.001: sourcing nvim_exec2() called at /root/.local/share/nvim/lazy/poimandres.nvim/colors/poimandres.lua:0
037.376  000.001  000.001: sourcing nvim_exec2() called at /root/.local/share/nvim/lazy/poimandres.nvim/colors/poimandres.lua:0
037.378  000.001  000.001: sourcing nvim_exec2() called at /root/.local/share/nvim/lazy/poimandres.nvim/colors/poimandres.lua:0
037.380  000.001  000.001: sourcing nvim_exec2() called at /root/.local/share/nvim/lazy/poimandres.nvim/colors/poimandres.lua:0
037.383  000.001  000.001: sourcing nvim_exec2() called at /root/.local/share/nvim/lazy/poimandres.nvim/colors/poimandres.lua:0
037.385  000.001  000.001: sourcing nvim_exec2() called at /root/.local/share/nvim/lazy/poimandres.nvim/colors/poimandres.lua:0
037.387  000.001  000.001: sourcing nvim_exec2() called at /root/.local/share/nvim/lazy/poimandres.nvim/colors/poimandres.lua:0
037.389  000.001  000.001: sourcing nvim_exec2() called at /root/.local/share/nvim/lazy/poimandres.nvim/colors/poimandres.lua:0
037.391  000.001  000.001: sourcing nvim_exec2() called at /root/.local/share/nvim/lazy/poimandres.nvim/colors/poimandres.lua:0
037.394  000.001  000.001: sourcing nvim_exec2() called at /root/.local/share/nvim/lazy/poimandres.nvim/colors/poimandres.lua:0
037.396  000.001  000.001: sourcing nvim_exec2() called at /root/.local/share/nvim/lazy/poimandres.nvim/colors/poimandres.lua:0
037.398  000.001  000.001: sourcing nvim_exec2() called at /root/.local/share/nvim/lazy/poimandres.nvim/colors/poimandres.lua:0
037.400  000.001  000.001: sourcing nvim_exec2() called at /root/.local/share/nvim/lazy/poimandres.nvim/colors/poimandres.lua:0
037.402  000.001  000.001: sourcing nvim_exec2() called at /root/.local/share/nvim/lazy/poimandres.nvim/colors/poimandres.lua:0
037.403  000.001  000.001: sourcing nvim_exec2() called at /root/.local/share/nvim/lazy/poimandres.nvim/colors/poimandres.lua:0
037.406  000.001  000.001: sourcing nvim_exec2() called at /root/.local/share/nvim/lazy/poimandres.nvim/colors/poimandres.lua:0
037.408  000.001  000.001: sourcing nvim_exec2() called at /root/.local/share/nvim/lazy/poimandres.nvim/colors/poimandres.lua:0
037.409  000.001  000.001: sourcing nvim_exec2() called at /root/.local/share/nvim/lazy/poimandres.nvim/colors/poimandres.lua:0
037.412  000.001  000.001: sourcing nvim_exec2() called at /root/.local/share/nvim/lazy/poimandres.nvim/colors/poimandres.lua:0
037.413  000.001  000.001: sourcing nvim_exec2() called at /root/.local/share/nvim/lazy/poimandres.nvim/colors/poimandres.lua:0
037.415  000.001  000.001: sourcing nvim_exec2() called at /root/.local/share/nvim/lazy/poimandres.nvim/colors/poimandres.lua:0
037.417  000.001  000.001: sourcing nvim_exec2() called at /root/.local/share/nvim/lazy/poimandres.nvim/colors/poimandres.lua:0
037.419  000.001  000.001: sourcing nvim_exec2() called at /root/.local/share/nvim/lazy/poimandres.nvim/colors/poimandres.lua:0
037.421  000.001  000.001: sourcing nvim_exec2() called at /root/.local/share/nvim/lazy/poimandres.nvim/colors/poimandres.lua:0
037.423  000.001  000.001: sourcing nvim_exec2() called at /root/.local/share/nvim/lazy/poimandres.nvim/colors/poimandres.lua:0
037.425  000.001  000.001: sourcing nvim_exec2() called at /root/.local/share/nvim/lazy/poimandres.nvim/colors/poimandres.lua:0
037.428  000.001  000.001: sourcing nvim_exec2() called at /root/.local/share/nvim/lazy/poimandres.nvim/colors/poimandres.lua:0
037.430  000.001  000.001: sourcing nvim_exec2() called at /root/.local/share/nvim/lazy/poimandres.nvim/colors/poimandres.lua:0
037.432  000.001  000.001: sourcing nvim_exec2() called at /root/.local/share/nvim/lazy/poimandres.nvim/colors/poimandres.lua:0
037.433  000.001  000.001: sourcing nvim_exec2() called at /root/.local/share/nvim/lazy/poimandres.nvim/colors/poimandres.lua:0
037.435  000.001  000.001: sourcing nvim_exec2() called at /root/.local/share/nvim/lazy/poimandres.nvim/colors/poimandres.lua:0
037.437  000.001  000.001: sourcing nvim_exec2() called at /root/.local/share/nvim/lazy/poimandres.nvim/colors/poimandres.lua:0
037.440  000.001  000.001: sourcing nvim_exec2() called at /root/.local/share/nvim/lazy/poimandres.nvim/colors/poimandres.lua:0
037.442  000.001  000.001: sourcing nvim_exec2() called at /root/.local/share/nvim/lazy/poimandres.nvim/colors/poimandres.lua:0
037.486  000.002  000.002: sourcing nvim_exec2() called at /root/.local/share/nvim/lazy/poimandres.nvim/colors/poimandres.lua:0
037.489  000.001  000.001: sourcing nvim_exec2() called at /root/.local/share/nvim/lazy/poimandres.nvim/colors/poimandres.lua:0
037.491  000.001  000.001: sourcing nvim_exec2() called at /root/.local/share/nvim/lazy/poimandres.nvim/colors/poimandres.lua:0
037.509  000.001  000.001: sourcing nvim_exec2() called at /root/.local/share/nvim/lazy/poimandres.nvim/colors/poimandres.lua:0
037.511  000.001  000.001: sourcing nvim_exec2() called at /root/.local/share/nvim/lazy/poimandres.nvim/colors/poimandres.lua:0
037.513  000.001  000.001: sourcing nvim_exec2() called at /root/.local/share/nvim/lazy/poimandres.nvim/colors/poimandres.lua:0
037.515  000.001  000.001: sourcing nvim_exec2() called at /root/.local/share/nvim/lazy/poimandres.nvim/colors/poimandres.lua:0
037.528  000.001  000.001: sourcing nvim_exec2() called at /root/.local/share/nvim/lazy/poimandres.nvim/colors/poimandres.lua:0
037.530  000.001  000.001: sourcing nvim_exec2() called at /root/.local/share/nvim/lazy/poimandres.nvim/colors/poimandres.lua:0
037.532  000.001  000.001: sourcing nvim_exec2() called at /root/.local/share/nvim/lazy/poimandres.nvim/colors/poimandres.lua:0
037.535  000.001  000.001: sourcing nvim_exec2() called at /root/.local/share/nvim/lazy/poimandres.nvim/colors/poimandres.lua:0
037.537  000.001  000.001: sourcing nvim_exec2() called at /root/.local/share/nvim/lazy/poimandres.nvim/colors/poimandres.lua:0
037.539  000.001  000.001: sourcing nvim_exec2() called at /root/.local/share/nvim/lazy/poimandres.nvim/colors/poimandres.lua:0
037.540  000.001  000.001: sourcing nvim_exec2() called at /root/.local/share/nvim/lazy/poimandres.nvim/colors/poimandres.lua:0
037.543  000.001  000.001: sourcing nvim_exec2() called at /root/.local/share/nvim/lazy/poimandres.nvim/colors/poimandres.lua:0
037.544  000.001  000.001: sourcing nvim_exec2() called at /root/.local/share/nvim/lazy/poimandres.nvim/colors/poimandres.lua:0
037.548  000.001  000.001: sourcing nvim_exec2() called at /root/.local/share/nvim/lazy/poimandres.nvim/colors/poimandres.lua:0
037.550  000.001  000.001: sourcing nvim_exec2() called at /root/.local/share/nvim/lazy/poimandres.nvim/colors/poimandres.lua:0
037.551  000.001  000.001: sourcing nvim_exec2() called at /root/.local/share/nvim/lazy/poimandres.nvim/colors/poimandres.lua:0
037.553  000.001  000.001: sourcing nvim_exec2() called at /root/.local/share/nvim/lazy/poimandres.nvim/colors/poimandres.lua:0
037.555  000.001  000.001: sourcing nvim_exec2() called at /root/.local/share/nvim/lazy/poimandres.nvim/colors/poimandres.lua:0
037.558  000.001  000.001: sourcing nvim_exec2() called at /root/.local/share/nvim/lazy/poimandres.nvim/colors/poimandres.lua:0
037.561  000.001  000.001: sourcing nvim_exec2() called at /root/.local/share/nvim/lazy/poimandres.nvim/colors/poimandres.lua:0
037.563  000.001  000.001: sourcing nvim_exec2() called at /root/.local/share/nvim/lazy/poimandres.nvim/colors/poimandres.lua:0
037.565  000.001  000.001: sourcing nvim_exec2() called at /root/.local/share/nvim/lazy/poimandres.nvim/colors/poimandres.lua:0
037.567  000.001  000.001: sourcing nvim_exec2() called at /root/.local/share/nvim/lazy/poimandres.nvim/colors/poimandres.lua:0
037.569  000.001  000.001: sourcing nvim_exec2() called at /root/.local/share/nvim/lazy/poimandres.nvim/colors/poimandres.lua:0
037.570  000.001  000.001: sourcing nvim_exec2() called at /root/.local/share/nvim/lazy/poimandres.nvim/colors/poimandres.lua:0
037.574  000.002  000.002: sourcing nvim_exec2() called at /root/.local/share/nvim/lazy/poimandres.nvim/colors/poimandres.lua:0
037.576  000.001  000.001: sourcing nvim_exec2() called at /root/.local/share/nvim/lazy/poimandres.nvim/colors/poimandres.lua:0
037.577  000.001  000.001: sourcing nvim_exec2() called at /root/.local/share/nvim/lazy/poimandres.nvim/colors/poimandres.lua:0
037.580  000.001  000.001: sourcing nvim_exec2() called at /root/.local/share/nvim/lazy/poimandres.nvim/colors/poimandres.lua:0
037.581  000.001  000.001: sourcing nvim_exec2() called at /root/.local/share/nvim/lazy/poimandres.nvim/colors/poimandres.lua:0
037.583  000.001  000.001: sourcing nvim_exec2() called at /root/.local/share/nvim/lazy/poimandres.nvim/colors/poimandres.lua:0
037.585  000.001  000.001: sourcing nvim_exec2() called at /root/.local/share/nvim/lazy/poimandres.nvim/colors/poimandres.lua:0
037.603  000.017  000.017: sourcing nvim_exec2() called at /root/.local/share/nvim/lazy/poimandres.nvim/colors/poimandres.lua:0
037.605  000.001  000.001: sourcing nvim_exec2() called at /root/.local/share/nvim/lazy/poimandres.nvim/colors/poimandres.lua:0
037.607  000.001  000.001: sourcing nvim_exec2() called at /root/.local/share/nvim/lazy/poimandres.nvim/colors/poimandres.lua:0
037.610  000.001  000.001: sourcing nvim_exec2() called at /root/.local/share/nvim/lazy/poimandres.nvim/colors/poimandres.lua:0
037.612  000.001  000.001: sourcing nvim_exec2() called at /root/.local/share/nvim/lazy/poimandres.nvim/colors/poimandres.lua:0
037.614  000.001  000.001: sourcing nvim_exec2() called at /root/.local/share/nvim/lazy/poimandres.nvim/colors/poimandres.lua:0
037.616  000.001  000.001: sourcing nvim_exec2() called at /root/.local/share/nvim/lazy/poimandres.nvim/colors/poimandres.lua:0
037.618  000.001  000.001: sourcing nvim_exec2() called at /root/.local/share/nvim/lazy/poimandres.nvim/colors/poimandres.lua:0
037.620  000.001  000.001: sourcing nvim_exec2() called at /root/.local/share/nvim/lazy/poimandres.nvim/colors/poimandres.lua:0
037.622  000.001  000.001: sourcing nvim_exec2() called at /root/.local/share/nvim/lazy/poimandres.nvim/colors/poimandres.lua:0
037.623  000.001  000.001: sourcing nvim_exec2() called at /root/.local/share/nvim/lazy/poimandres.nvim/colors/poimandres.lua:0
037.625  000.001  000.001: sourcing nvim_exec2() called at /root/.local/share/nvim/lazy/poimandres.nvim/colors/poimandres.lua:0
037.627  000.001  000.001: sourcing nvim_exec2() called at /root/.local/share/nvim/lazy/poimandres.nvim/colors/poimandres.lua:0
037.629  000.001  000.001: sourcing nvim_exec2() called at /root/.local/share/nvim/lazy/poimandres.nvim/colors/poimandres.lua:0
037.630  000.001  000.001: sourcing nvim_exec2() called at /root/.local/share/nvim/lazy/poimandres.nvim/colors/poimandres.lua:0
037.632  000.001  000.001: sourcing nvim_exec2() called at /root/.local/share/nvim/lazy/poimandres.nvim/colors/poimandres.lua:0
037.634  000.001  000.001: sourcing nvim_exec2() called at /root/.local/share/nvim/lazy/poimandres.nvim/colors/poimandres.lua:0
037.637  000.002  000.002: sourcing nvim_exec2() called at /root/.local/share/nvim/lazy/poimandres.nvim/colors/poimandres.lua:0
037.640  000.001  000.001: sourcing nvim_exec2() called at /root/.local/share/nvim/lazy/poimandres.nvim/colors/poimandres.lua:0
037.643  000.001  000.001: sourcing nvim_exec2() called at /root/.local/share/nvim/lazy/poimandres.nvim/colors/poimandres.lua:0
037.647  000.001  000.001: sourcing nvim_exec2() called at /root/.local/share/nvim/lazy/poimandres.nvim/colors/poimandres.lua:0
037.649  000.001  000.001: sourcing nvim_exec2() called at /root/.local/share/nvim/lazy/poimandres.nvim/colors/poimandres.lua:0
037.651  000.001  000.001: sourcing nvim_exec2() called at /root/.local/share/nvim/lazy/poimandres.nvim/colors/poimandres.lua:0
037.653  000.001  000.001: sourcing nvim_exec2() called at /root/.local/share/nvim/lazy/poimandres.nvim/colors/poimandres.lua:0
037.655  000.001  000.001: sourcing nvim_exec2() called at /root/.local/share/nvim/lazy/poimandres.nvim/colors/poimandres.lua:0
037.657  000.001  000.001: sourcing nvim_exec2() called at /root/.local/share/nvim/lazy/poimandres.nvim/colors/poimandres.lua:0
037.660  000.001  000.001: sourcing nvim_exec2() called at /root/.local/share/nvim/lazy/poimandres.nvim/colors/poimandres.lua:0
037.662  000.001  000.001: sourcing nvim_exec2() called at /root/.local/share/nvim/lazy/poimandres.nvim/colors/poimandres.lua:0
037.664  000.001  000.001: sourcing nvim_exec2() called at /root/.local/share/nvim/lazy/poimandres.nvim/colors/poimandres.lua:0
037.666  000.001  000.001: sourcing nvim_exec2() called at /root/.local/share/nvim/lazy/poimandres.nvim/colors/poimandres.lua:0
037.713  000.002  000.002: sourcing nvim_exec2() called at /root/.local/share/nvim/lazy/poimandres.nvim/colors/poimandres.lua:0
037.716  000.001  000.001: sourcing nvim_exec2() called at /root/.local/share/nvim/lazy/poimandres.nvim/colors/poimandres.lua:0
037.719  000.001  000.001: sourcing nvim_exec2() called at /root/.local/share/nvim/lazy/poimandres.nvim/colors/poimandres.lua:0
037.721  000.001  000.001: sourcing nvim_exec2() called at /root/.local/share/nvim/lazy/poimandres.nvim/colors/poimandres.lua:0
037.723  000.001  000.001: sourcing nvim_exec2() called at /root/.local/share/nvim/lazy/poimandres.nvim/colors/poimandres.lua:0
037.725  000.001  000.001: sourcing nvim_exec2() called at /root/.local/share/nvim/lazy/poimandres.nvim/colors/poimandres.lua:0
037.734  000.001  000.001: sourcing nvim_exec2() called at /root/.local/share/nvim/lazy/poimandres.nvim/colors/poimandres.lua:0
037.749  000.002  000.002: sourcing nvim_exec2() called at /root/.local/share/nvim/lazy/poimandres.nvim/colors/poimandres.lua:0
037.752  000.001  000.001: sourcing nvim_exec2() called at /root/.local/share/nvim/lazy/poimandres.nvim/colors/poimandres.lua:0
037.754  000.001  000.001: sourcing nvim_exec2() called at /root/.local/share/nvim/lazy/poimandres.nvim/colors/poimandres.lua:0
037.755  000.001  000.001: sourcing nvim_exec2() called at /root/.local/share/nvim/lazy/poimandres.nvim/colors/poimandres.lua:0
037.757  000.001  000.001: sourcing nvim_exec2() called at /root/.local/share/nvim/lazy/poimandres.nvim/colors/poimandres.lua:0
037.761  000.001  000.001: sourcing nvim_exec2() called at /root/.local/share/nvim/lazy/poimandres.nvim/colors/poimandres.lua:0
037.764  000.001  000.001: sourcing nvim_exec2() called at /root/.local/share/nvim/lazy/poimandres.nvim/colors/poimandres.lua:0
037.766  000.001  000.001: sourcing nvim_exec2() called at /root/.local/share/nvim/lazy/poimandres.nvim/colors/poimandres.lua:0
037.768  000.001  000.001: sourcing nvim_exec2() called at /root/.local/share/nvim/lazy/poimandres.nvim/colors/poimandres.lua:0
037.771  000.001  000.001: sourcing nvim_exec2() called at /root/.local/share/nvim/lazy/poimandres.nvim/colors/poimandres.lua:0
037.773  000.001  000.001: sourcing nvim_exec2() called at /root/.local/share/nvim/lazy/poimandres.nvim/colors/poimandres.lua:0
037.775  000.001  000.001: sourcing nvim_exec2() called at /root/.local/share/nvim/lazy/poimandres.nvim/colors/poimandres.lua:0
037.777  000.001  000.001: sourcing nvim_exec2() called at /root/.local/share/nvim/lazy/poimandres.nvim/colors/poimandres.lua:0
037.779  000.001  000.001: sourcing nvim_exec2() called at /root/.local/share/nvim/lazy/poimandres.nvim/colors/poimandres.lua:0
037.781  000.001  000.001: sourcing nvim_exec2() called at /root/.local/share/nvim/lazy/poimandres.nvim/colors/poimandres.lua:0
037.783  000.001  000.001: sourcing nvim_exec2() called at /root/.local/share/nvim/lazy/poimandres.nvim/colors/poimandres.lua:0
037.786  000.001  000.001: sourcing nvim_exec2() called at /root/.local/share/nvim/lazy/poimandres.nvim/colors/poimandres.lua:0
037.788  000.001  000.001: sourcing nvim_exec2() called at /root/.local/share/nvim/lazy/poimandres.nvim/colors/poimandres.lua:0
037.791  000.001  000.001: sourcing nvim_exec2() called at /root/.local/share/nvim/lazy/poimandres.nvim/colors/poimandres.lua:0
037.793  000.001  000.001: sourcing nvim_exec2() called at /root/.local/share/nvim/lazy/poimandres.nvim/colors/poimandres.lua:0
037.795  000.001  000.001: sourcing nvim_exec2() called at /root/.local/share/nvim/lazy/poimandres.nvim/colors/poimandres.lua:0
037.798  000.001  000.001: sourcing nvim_exec2() called at /root/.local/share/nvim/lazy/poimandres.nvim/colors/poimandres.lua:0
037.800  000.001  000.001: sourcing nvim_exec2() called at /root/.local/share/nvim/lazy/poimandres.nvim/colors/poimandres.lua:0
037.803  000.001  000.001: sourcing nvim_exec2() called at /root/.local/share/nvim/lazy/poimandres.nvim/colors/poimandres.lua:0
037.805  000.001  000.001: sourcing nvim_exec2() called at /root/.local/share/nvim/lazy/poimandres.nvim/colors/poimandres.lua:0
037.808  000.001  000.001: sourcing nvim_exec2() called at /root/.local/share/nvim/lazy/poimandres.nvim/colors/poimandres.lua:0
037.810  000.001  000.001: sourcing nvim_exec2() called at /root/.local/share/nvim/lazy/poimandres.nvim/colors/poimandres.lua:0
037.812  000.001  000.001: sourcing nvim_exec2() called at /root/.local/share/nvim/lazy/poimandres.nvim/colors/poimandres.lua:0
037.815  000.001  000.001: sourcing nvim_exec2() called at /root/.local/share/nvim/lazy/poimandres.nvim/colors/poimandres.lua:0
037.817  000.001  000.001: sourcing nvim_exec2() called at /root/.local/share/nvim/lazy/poimandres.nvim/colors/poimandres.lua:0
037.819  000.001  000.001: sourcing nvim_exec2() called at /root/.local/share/nvim/lazy/poimandres.nvim/colors/poimandres.lua:0
037.821  000.001  000.001: sourcing nvim_exec2() called at /root/.local/share/nvim/lazy/poimandres.nvim/colors/poimandres.lua:0
037.823  000.001  000.001: sourcing nvim_exec2() called at /root/.local/share/nvim/lazy/poimandres.nvim/colors/poimandres.lua:0
037.825  000.001  000.001: sourcing nvim_exec2() called at /root/.local/share/nvim/lazy/poimandres.nvim/colors/poimandres.lua:0
037.827  000.001  000.001: sourcing nvim_exec2() called at /root/.local/share/nvim/lazy/poimandres.nvim/colors/poimandres.lua:0
037.829  000.001  000.001: sourcing nvim_exec2() called at /root/.local/share/nvim/lazy/poimandres.nvim/colors/poimandres.lua:0
037.832  000.001  000.001: sourcing nvim_exec2() called at /root/.local/share/nvim/lazy/poimandres.nvim/colors/poimandres.lua:0
037.834  000.001  000.001: sourcing nvim_exec2() called at /root/.local/share/nvim/lazy/poimandres.nvim/colors/poimandres.lua:0
037.837  000.001  000.001: sourcing nvim_exec2() called at /root/.local/share/nvim/lazy/poimandres.nvim/colors/poimandres.lua:0
037.839  000.001  000.001: sourcing nvim_exec2() called at /root/.local/share/nvim/lazy/poimandres.nvim/colors/poimandres.lua:0
037.841  000.001  000.001: sourcing nvim_exec2() called at /root/.local/share/nvim/lazy/poimandres.nvim/colors/poimandres.lua:0
037.843  000.001  000.001: sourcing nvim_exec2() called at /root/.local/share/nvim/lazy/poimandres.nvim/colors/poimandres.lua:0
037.845  000.001  000.001: sourcing nvim_exec2() called at /root/.local/share/nvim/lazy/poimandres.nvim/colors/poimandres.lua:0
037.847  000.001  000.001: sourcing nvim_exec2() called at /root/.local/share/nvim/lazy/poimandres.nvim/colors/poimandres.lua:0
037.849  000.001  000.001: sourcing nvim_exec2() called at /root/.local/share/nvim/lazy/poimandres.nvim/colors/poimandres.lua:0
037.851  000.001  000.001: sourcing nvim_exec2() called at /root/.local/share/nvim/lazy/poimandres.nvim/colors/poimandres.lua:0
037.854  000.001  000.001: sourcing nvim_exec2() called at /root/.local/share/nvim/lazy/poimandres.nvim/colors/poimandres.lua:0
037.856  000.001  000.001: sourcing nvim_exec2() called at /root/.local/share/nvim/lazy/poimandres.nvim/colors/poimandres.lua:0
037.858  000.001  000.001: sourcing nvim_exec2() called at /root/.local/share/nvim/lazy/poimandres.nvim/colors/poimandres.lua:0
037.862  000.001  000.001: sourcing nvim_exec2() called at /root/.local/share/nvim/lazy/poimandres.nvim/colors/poimandres.lua:0
037.864  000.001  000.001: sourcing nvim_exec2() called at /root/.local/share/nvim/lazy/poimandres.nvim/colors/poimandres.lua:0
037.866  000.001  000.001: sourcing nvim_exec2() called at /root/.local/share/nvim/lazy/poimandres.nvim/colors/poimandres.lua:0
037.868  000.001  000.001: sourcing nvim_exec2() called at /root/.local/share/nvim/lazy/poimandres.nvim/colors/poimandres.lua:0
037.871  000.001  000.001: sourcing nvim_exec2() called at /root/.local/share/nvim/lazy/poimandres.nvim/colors/poimandres.lua:0
037.873  000.001  000.001: sourcing nvim_exec2() called at /root/.local/share/nvim/lazy/poimandres.nvim/colors/poimandres.lua:0
037.876  000.001  000.001: sourcing nvim_exec2() called at /root/.local/share/nvim/lazy/poimandres.nvim/colors/poimandres.lua:0
037.878  000.001  000.001: sourcing nvim_exec2() called at /root/.local/share/nvim/lazy/poimandres.nvim/colors/poimandres.lua:0
037.880  000.001  000.001: sourcing nvim_exec2() called at /root/.local/share/nvim/lazy/poimandres.nvim/colors/poimandres.lua:0
037.882  000.001  000.001: sourcing nvim_exec2() called at /root/.local/share/nvim/lazy/poimandres.nvim/colors/poimandres.lua:0
037.885  000.001  000.001: sourcing nvim_exec2() called at /root/.local/share/nvim/lazy/poimandres.nvim/colors/poimandres.lua:0
037.887  000.001  000.001: sourcing nvim_exec2() called at /root/.local/share/nvim/lazy/poimandres.nvim/colors/poimandres.lua:0
037.890  000.001  000.001: sourcing nvim_exec2() called at /root/.local/share/nvim/lazy/poimandres.nvim/colors/poimandres.lua:0
037.892  000.001  000.001: sourcing nvim_exec2() called at /root/.local/share/nvim/lazy/poimandres.nvim/colors/poimandres.lua:0
037.900  000.001  000.001: sourcing nvim_exec2() called at /root/.local/share/nvim/lazy/poimandres.nvim/colors/poimandres.lua:0
037.902  000.001  000.001: sourcing nvim_exec2() called at /root/.local/share/nvim/lazy/poimandres.nvim/colors/poimandres.lua:0
037.903  000.001  000.001: sourcing nvim_exec2() called at /root/.local/share/nvim/lazy/poimandres.nvim/colors/poimandres.lua:0
037.905  000.001  000.001: sourcing nvim_exec2() called at /root/.local/share/nvim/lazy/poimandres.nvim/colors/poimandres.lua:0
037.908  000.001  000.001: sourcing nvim_exec2() called at /root/.local/share/nvim/lazy/poimandres.nvim/colors/poimandres.lua:0
037.910  000.001  000.001: sourcing nvim_exec2() called at /root/.local/share/nvim/lazy/poimandres.nvim/colors/poimandres.lua:0
037.912  000.001  000.001: sourcing nvim_exec2() called at /root/.local/share/nvim/lazy/poimandres.nvim/colors/poimandres.lua:0
037.915  000.001  000.001: sourcing nvim_exec2() called at /root/.local/share/nvim/lazy/poimandres.nvim/colors/poimandres.lua:0
037.917  000.001  000.001: sourcing nvim_exec2() called at /root/.local/share/nvim/lazy/poimandres.nvim/colors/poimandres.lua:0
037.921  000.001  000.001: sourcing nvim_exec2() called at /root/.local/share/nvim/lazy/poimandres.nvim/colors/poimandres.lua:0
037.923  000.001  000.001: sourcing nvim_exec2() called at /root/.local/share/nvim/lazy/poimandres.nvim/colors/poimandres.lua:0
037.924  000.001  000.001: sourcing nvim_exec2() called at /root/.local/share/nvim/lazy/poimandres.nvim/colors/poimandres.lua:0
037.927  000.001  000.001: sourcing nvim_exec2() called at /root/.local/share/nvim/lazy/poimandres.nvim/colors/poimandres.lua:0
037.929  000.001  000.001: sourcing nvim_exec2() called at /root/.local/share/nvim/lazy/poimandres.nvim/colors/poimandres.lua:0
037.931  000.001  000.001: sourcing nvim_exec2() called at /root/.local/share/nvim/lazy/poimandres.nvim/colors/poimandres.lua:0
037.933  000.001  000.001: sourcing nvim_exec2() called at /root/.local/share/nvim/lazy/poimandres.nvim/colors/poimandres.lua:0
037.936  000.001  000.001: sourcing nvim_exec2() called at /root/.local/share/nvim/lazy/poimandres.nvim/colors/poimandres.lua:0
037.938  000.001  000.001: sourcing nvim_exec2() called at /root/.local/share/nvim/lazy/poimandres.nvim/colors/poimandres.lua:0
037.940  000.001  000.001: sourcing nvim_exec2() called at /root/.local/share/nvim/lazy/poimandres.nvim/colors/poimandres.lua:0
037.942  000.001  000.001: sourcing nvim_exec2() called at /root/.local/share/nvim/lazy/poimandres.nvim/colors/poimandres.lua:0
037.944  000.001  000.001: sourcing nvim_exec2() called at /root/.local/share/nvim/lazy/poimandres.nvim/colors/poimandres.lua:0
037.946  000.001  000.001: sourcing nvim_exec2() called at /root/.local/share/nvim/lazy/poimandres.nvim/colors/poimandres.lua:0
037.948  000.001  000.001: sourcing nvim_exec2() called at /root/.local/share/nvim/lazy/poimandres.nvim/colors/poimandres.lua:0
037.950  000.001  000.001: sourcing nvim_exec2() called at /root/.local/share/nvim/lazy/poimandres.nvim/colors/poimandres.lua:0
037.952  000.001  000.001: sourcing nvim_exec2() called at /root/.local/share/nvim/lazy/poimandres.nvim/colors/poimandres.lua:0
037.955  000.001  000.001: sourcing nvim_exec2() called at /root/.local/share/nvim/lazy/poimandres.nvim/colors/poimandres.lua:0
037.958  000.001  000.001: sourcing nvim_exec2() called at /root/.local/share/nvim/lazy/poimandres.nvim/colors/poimandres.lua:0
037.960  000.001  000.001: sourcing nvim_exec2() called at /root/.local/share/nvim/lazy/poimandres.nvim/colors/poimandres.lua:0
037.962  000.001  000.001: sourcing nvim_exec2() called at /root/.local/share/nvim/lazy/poimandres.nvim/colors/poimandres.lua:0
037.964  000.001  000.001: sourcing nvim_exec2() called at /root/.local/share/nvim/lazy/poimandres.nvim/colors/poimandres.lua:0
037.966  000.001  000.001: sourcing nvim_exec2() called at /root/.local/share/nvim/lazy/poimandres.nvim/colors/poimandres.lua:0
037.968  000.001  000.001: sourcing nvim_exec2() called at /root/.local/share/nvim/lazy/poimandres.nvim/colors/poimandres.lua:0
037.970  000.001  000.001: sourcing nvim_exec2() called at /root/.local/share/nvim/lazy/poimandres.nvim/colors/poimandres.lua:0
037.972  000.001  000.001: sourcing nvim_exec2() called at /root/.local/share/nvim/lazy/poimandres.nvim/colors/poimandres.lua:0
037.974  000.001  000.001: sourcing nvim_exec2() called at /root/.local/share/nvim/lazy/poimandres.nvim/colors/poimandres.lua:0
037.976  000.001  000.001: sourcing nvim_exec2() called at /root/.local/share/nvim/lazy/poimandres.nvim/colors/poimandres.lua:0
037.979  000.001  000.001: sourcing nvim_exec2() called at /root/.local/share/nvim/lazy/poimandres.nvim/colors/poimandres.lua:0
037.981  000.001  000.001: sourcing nvim_exec2() called at /root/.local/share/nvim/lazy/poimandres.nvim/colors/poimandres.lua:0
037.983  000.001  000.001: sourcing nvim_exec2() called at /root/.local/share/nvim/lazy/poimandres.nvim/colors/poimandres.lua:0
037.987  000.001  000.001: sourcing nvim_exec2() called at /root/.local/share/nvim/lazy/poimandres.nvim/colors/poimandres.lua:0
037.990  000.001  000.001: sourcing nvim_exec2() called at /root/.local/share/nvim/lazy/poimandres.nvim/colors/poimandres.lua:0
037.992  000.001  000.001: sourcing nvim_exec2() called at /root/.local/share/nvim/lazy/poimandres.nvim/colors/poimandres.lua:0
037.995  000.001  000.001: sourcing nvim_exec2() called at /root/.local/share/nvim/lazy/poimandres.nvim/colors/poimandres.lua:0
037.997  000.001  000.001: sourcing nvim_exec2() called at /root/.local/share/nvim/lazy/poimandres.nvim/colors/poimandres.lua:0
037.999  000.001  000.001: sourcing nvim_exec2() called at /root/.local/share/nvim/lazy/poimandres.nvim/colors/poimandres.lua:0
038.001  000.001  000.001: sourcing nvim_exec2() called at /root/.local/share/nvim/lazy/poimandres.nvim/colors/poimandres.lua:0
038.003  000.001  000.001: sourcing nvim_exec2() called at /root/.local/share/nvim/lazy/poimandres.nvim/colors/poimandres.lua:0
038.005  000.001  000.001: sourcing nvim_exec2() called at /root/.local/share/nvim/lazy/poimandres.nvim/colors/poimandres.lua:0
038.023  000.016  000.016: sourcing nvim_exec2() called at /root/.local/share/nvim/lazy/poimandres.nvim/colors/poimandres.lua:0
038.028  000.002  000.002: sourcing nvim_exec2() called at /root/.local/share/nvim/lazy/poimandres.nvim/colors/poimandres.lua:0
038.031  000.001  000.001: sourcing nvim_exec2() called at /root/.local/share/nvim/lazy/poimandres.nvim/colors/poimandres.lua:0
038.036  000.002  000.002: sourcing nvim_exec2() called at /root/.local/share/nvim/lazy/poimandres.nvim/colors/poimandres.lua:0
038.039  000.001  000.001: sourcing nvim_exec2() called at /root/.local/share/nvim/lazy/poimandres.nvim/colors/poimandres.lua:0
038.041  000.001  000.001: sourcing nvim_exec2() called at /root/.local/share/nvim/lazy/poimandres.nvim/colors/poimandres.lua:0
038.045  000.001  000.001: sourcing nvim_exec2() called at /root/.local/share/nvim/lazy/poimandres.nvim/colors/poimandres.lua:0
038.048  000.001  000.001: sourcing nvim_exec2() called at /root/.local/share/nvim/lazy/poimandres.nvim/colors/poimandres.lua:0
038.051  000.001  000.001: sourcing nvim_exec2() called at /root/.local/share/nvim/lazy/poimandres.nvim/colors/poimandres.lua:0
038.053  000.001  000.001: sourcing nvim_exec2() called at /root/.local/share/nvim/lazy/poimandres.nvim/colors/poimandres.lua:0
038.057  000.001  000.001: sourcing nvim_exec2() called at /root/.local/share/nvim/lazy/poimandres.nvim/colors/poimandres.lua:0
038.059  000.001  000.001: sourcing nvim_exec2() called at /root/.local/share/nvim/lazy/poimandres.nvim/colors/poimandres.lua:0
038.060  000.001  000.001: sourcing nvim_exec2() called at /root/.local/share/nvim/lazy/poimandres.nvim/colors/poimandres.lua:0
038.063  000.001  000.001: sourcing nvim_exec2() called at /root/.local/share/nvim/lazy/poimandres.nvim/colors/poimandres.lua:0
038.065  000.001  000.001: sourcing nvim_exec2() called at /root/.local/share/nvim/lazy/poimandres.nvim/colors/poimandres.lua:0
038.068  000.001  000.001: sourcing nvim_exec2() called at /root/.local/share/nvim/lazy/poimandres.nvim/colors/poimandres.lua:0
038.076  000.001  000.001: sourcing nvim_exec2() called at /root/.local/share/nvim/lazy/poimandres.nvim/colors/poimandres.lua:0
038.078  000.001  000.001: sourcing nvim_exec2() called at /root/.local/share/nvim/lazy/poimandres.nvim/colors/poimandres.lua:0
038.080  000.001  000.001: sourcing nvim_exec2() called at /root/.local/share/nvim/lazy/poimandres.nvim/colors/poimandres.lua:0
038.082  000.001  000.001: sourcing nvim_exec2() called at /root/.local/share/nvim/lazy/poimandres.nvim/colors/poimandres.lua:0
038.083  000.001  000.001: sourcing nvim_exec2() called at /root/.local/share/nvim/lazy/poimandres.nvim/colors/poimandres.lua:0
038.085  000.001  000.001: sourcing nvim_exec2() called at /root/.local/share/nvim/lazy/poimandres.nvim/colors/poimandres.lua:0
038.087  000.001  000.001: sourcing nvim_exec2() called at /root/.local/share/nvim/lazy/poimandres.nvim/colors/poimandres.lua:0
038.089  000.001  000.001: sourcing nvim_exec2() called at /root/.local/share/nvim/lazy/poimandres.nvim/colors/poimandres.lua:0
038.091  000.001  000.001: sourcing nvim_exec2() called at /root/.local/share/nvim/lazy/poimandres.nvim/colors/poimandres.lua:0
038.093  000.001  000.001: sourcing nvim_exec2() called at /root/.local/share/nvim/lazy/poimandres.nvim/colors/poimandres.lua:0
038.095  000.001  000.001: sourcing nvim_exec2() called at /root/.local/share/nvim/lazy/poimandres.nvim/colors/poimandres.lua:0
038.137  000.041  000.041: sourcing nvim_exec2() called at /root/.local/share/nvim/lazy/poimandres.nvim/colors/poimandres.lua:0
038.141  000.001  000.001: sourcing nvim_exec2() called at /root/.local/share/nvim/lazy/poimandres.nvim/colors/poimandres.lua:0
038.143  000.001  000.001: sourcing nvim_exec2() called at /root/.local/share/nvim/lazy/poimandres.nvim/colors/poimandres.lua:0
038.145  000.001  000.001: sourcing nvim_exec2() called at /root/.local/share/nvim/lazy/poimandres.nvim/colors/poimandres.lua:0
038.147  000.001  000.001: sourcing nvim_exec2() called at /root/.local/share/nvim/lazy/poimandres.nvim/colors/poimandres.lua:0
038.149  000.001  000.001: sourcing nvim_exec2() called at /root/.local/share/nvim/lazy/poimandres.nvim/colors/poimandres.lua:0
038.151  000.001  000.001: sourcing nvim_exec2() called at /root/.local/share/nvim/lazy/poimandres.nvim/colors/poimandres.lua:0
038.153  000.001  000.001: sourcing nvim_exec2() called at /root/.local/share/nvim/lazy/poimandres.nvim/colors/poimandres.lua:0
038.155  000.001  000.001: sourcing nvim_exec2() called at /root/.local/share/nvim/lazy/poimandres.nvim/colors/poimandres.lua:0
038.157  000.001  000.001: sourcing nvim_exec2() called at /root/.local/share/nvim/lazy/poimandres.nvim/colors/poimandres.lua:0
038.159  000.001  000.001: sourcing nvim_exec2() called at /root/.local/share/nvim/lazy/poimandres.nvim/colors/poimandres.lua:0
038.161  002.995  001.494: sourcing /root/.local/share/nvim/lazy/poimandres.nvim/colors/poimandres.lua
038.165  006.617  001.759: sourcing nvim_exec2() called at /root/.config/nvim/init.lua:0
038.337  000.003  000.003: sourcing nvim_exec2() called at /root/.config/nvim/init.lua:0
038.345  000.001  000.001: sourcing nvim_exec2() called at /root/.config/nvim/init.lua:0
039.104  000.277  000.277: sourcing /root/.local/share/nvim/lazy/nightfox.nvim/plugin/nightfox.vim
039.109  000.302  000.025: sourcing nvim_exec2() called at /root/.config/nvim/init.lua:0
039.116  000.001  000.001: sourcing nvim_exec2() called at /root/.config/nvim/init.lua:0
039.132  000.001  000.001: sourcing nvim_exec2() called at /root/.config/nvim/init.lua:0
041.374  000.343  000.343: require('nightfox.lib.collect')
041.696  000.318  000.318: require('nightfox.util')
041.809  001.279  000.618: require('nightfox.config')
041.814  001.801  000.521: require('nightfox')
042.126  000.311  000.311: require('nightfox.override')
042.761  000.323  000.323: require('nightfox.lib.hash')
042.856  000.005  000.005: sourcing nvim_exec2() called at /root/.config/nvim/init.lua:0
042.865  000.001  000.001: sourcing nvim_exec2() called at /root/.config/nvim/init.lua:0
043.049  000.003  000.003: sourcing nvim_exec2() called at /root/.config/nvim/init.lua:0
043.056  000.001  000.001: sourcing nvim_exec2() called at /root/.config/nvim/init.lua:0
045.172  001.825  001.825: require('boole')
045.245  002.186  000.361: require('plugins.configs.boole')
046.317  000.307  000.307: sourcing /root/.local/share/nvim/lazy/bufdelete.nvim/plugin/bufdelete.lua
046.322  000.333  000.026: sourcing nvim_exec2() called at /root/.config/nvim/init.lua:0
046.330  000.003  000.003: sourcing nvim_exec2() called at /root/.config/nvim/init.lua:0
046.340  000.001  000.001: sourcing nvim_exec2() called at /root/.config/nvim/init.lua:0
048.321  001.223  001.223: require('trim.trimmer')
048.329  001.503  000.280: sourcing /root/.local/share/nvim/lazy/trim.nvim/plugin/trim.lua
048.332  001.526  000.023: sourcing nvim_exec2() called at /root/.config/nvim/init.lua:0
048.340  000.003  000.003: sourcing nvim_exec2() called at /root/.config/nvim/init.lua:0
048.350  000.001  000.001: sourcing nvim_exec2() called at /root/.config/nvim/init.lua:0
049.166  000.282  000.282: require('trim.config')
049.171  000.565  000.283: require('trim')
049.189  000.837  000.272: require('plugins.configs.trim')
049.987  000.269  000.269: sourcing /root/.local/share/nvim/lazy/plenary.nvim/plugin/plenary.vim
049.992  000.298  000.028: sourcing nvim_exec2() called at /root/.config/nvim/init.lua:0
050.031  000.003  000.003: sourcing nvim_exec2() called at /root/.config/nvim/init.lua:0
050.043  000.001  000.001: sourcing nvim_exec2() called at /root/.config/nvim/init.lua:0
050.180  000.002  000.002: sourcing nvim_exec2() called at /root/.config/nvim/init.lua:0
050.197  000.001  000.001: sourcing nvim_exec2() called at /root/.config/nvim/init.lua:0
050.959  000.272  000.272: sourcing /root/.local/share/nvim/lazy/nvim-web-devicons/plugin/nvim-web-devicons.vim
050.964  000.314  000.043: sourcing nvim_exec2() called at /root/.config/nvim/init.lua:0
050.972  000.001  000.001: sourcing nvim_exec2() called at /root/.config/nvim/init.lua:0
050.984  000.001  000.001: sourcing nvim_exec2() called at /root/.config/nvim/init.lua:0
052.759  000.463  000.463: require('nvim-web-devicons.filetypes')
052.777  000.004  000.004: require('vim.F')
054.072  000.835  000.835: require('nvim-web-devicons.default.icons_by_filename')
055.101  001.026  001.026: require('nvim-web-devicons.default.icons_by_file_extension')
055.837  000.733  000.733: require('nvim-web-devicons.default.icons_by_operating_system')
056.298  000.459  000.459: require('nvim-web-devicons.default.icons_by_desktop_environment')
056.795  000.494  000.494: require('nvim-web-devicons.default.icons_by_window_manager')
056.797  004.012  000.466: require('nvim-web-devicons.icons-default')
057.026  006.006  001.526: require('nvim-web-devicons')
059.852  000.515  000.515: sourcing /root/.local/share/nvim/lazy/neo-tree.nvim/plugin/neo-tree.lua
059.856  000.539  000.024: sourcing nvim_exec2() called at /root/.config/nvim/init.lua:0
059.862  000.002  000.002: sourcing nvim_exec2() called at /root/.config/nvim/init.lua:0
059.870  000.001  000.001: sourcing nvim_exec2() called at /root/.config/nvim/init.lua:0
063.698  000.361  000.361: require('nvim-treesitter.utils')
066.336  000.316  000.316: require('vim.treesitter.language')
066.568  000.228  000.228: require('vim.func')
066.772  000.200  000.200: require('vim.func._memoize')
066.800  001.104  000.361: require('vim.treesitter.query')
067.035  000.233  000.233: require('vim.treesitter._range')
067.049  001.847  000.509: require('vim.treesitter.languagetree')
067.053  002.554  000.707: require('vim.treesitter')
067.425  003.724  001.170: require('nvim-treesitter.parsers')
069.071  000.342  000.342: require('nvim-treesitter.compat')
069.727  000.372  000.372: require('nvim-treesitter.ts_utils')
069.732  000.659  000.287: require('nvim-treesitter.tsrange')
070.054  000.320  000.320: require('nvim-treesitter.caching')
070.064  001.797  000.476: require('nvim-treesitter.query')
070.076  002.235  000.439: require('nvim-treesitter.configs')
070.078  002.651  000.416: require('nvim-treesitter.info')
070.346  000.248  000.248: require('nvim-treesitter.shell_command_selectors')
070.367  007.487  000.502: require('nvim-treesitter.install')
070.648  000.280  000.280: require('nvim-treesitter.statusline')
070.860  000.210  000.210: require('nvim-treesitter.query_predicates')
070.863  009.973  001.996: require('nvim-treesitter')
071.138  000.270  000.270: require('vim.iter')
071.747  011.301  001.058: sourcing /root/.local/share/nvim/lazy/nvim-treesitter/plugin/nvim-treesitter.lua
071.752  011.323  000.022: sourcing nvim_exec2() called at /root/.config/nvim/init.lua:0
071.759  000.002  000.002: sourcing nvim_exec2() called at /root/.config/nvim/init.lua:0
071.770  000.001  000.001: sourcing nvim_exec2() called at /root/.config/nvim/init.lua:0
073.079  000.364  000.364: require('nvim-treesitter.highlight')
073.484  000.378  000.378: require('nvim-treesitter.indent')
073.524  001.750  001.008: require('plugins.configs.treesitter')
073.544  000.004  000.004: sourcing nvim_exec2() called at /root/.config/nvim/init.lua:0
073.550  000.001  000.001: sourcing nvim_exec2() called at /root/.config/nvim/init.lua:0
074.159  000.592  000.592: require('aerial')
075.070  000.379  000.379: sourcing /root/.local/share/nvim/lazy/nvim-macroni/plugin/macroni.lua
075.074  000.403  000.024: sourcing nvim_exec2() called at /root/.config/nvim/init.lua:0
075.080  000.002  000.002: sourcing nvim_exec2() called at /root/.config/nvim/init.lua:0
075.091  000.001  000.001: sourcing nvim_exec2() called at /root/.config/nvim/init.lua:0
076.577  000.292  000.292: require('macroni.utils')
076.585  001.089  000.797: require('macroni')
076.593  001.499  000.409: require('plugins.configs.nvim-macroni')
076.707  000.005  000.005: sourcing nvim_exec2() called at /root/.config/nvim/init.lua:0
076.715  000.001  000.001: sourcing nvim_exec2() called at /root/.config/nvim/init.lua:0
078.424  000.335  000.335: require('lualine_require')
079.249  002.210  001.876: require('lualine')
079.595  000.016  000.016: sourcing nvim_exec2() called at /root/.config/nvim/init.lua:0
081.585  000.010  000.010: sourcing nvim_exec2() called at /root/.config/nvim/init.lua:0
081.598  000.003  000.003: sourcing nvim_exec2() called at /root/.config/nvim/init.lua:0
081.608  000.002  000.002: sourcing nvim_exec2() called at /root/.config/nvim/init.lua:0
081.616  000.004  000.004: sourcing nvim_exec2() called at /root/.config/nvim/init.lua:0
081.622  000.002  000.002: sourcing nvim_exec2() called at /root/.config/nvim/init.lua:0
081.631  000.002  000.002: sourcing nvim_exec2() called at /root/.config/nvim/init.lua:0
081.636  000.001  000.001: sourcing nvim_exec2() called at /root/.config/nvim/init.lua:0
081.643  000.002  000.002: sourcing nvim_exec2() called at /root/.config/nvim/init.lua:0
081.649  000.002  000.002: sourcing nvim_exec2() called at /root/.config/nvim/init.lua:0
081.656  000.001  000.001: sourcing nvim_exec2() called at /root/.config/nvim/init.lua:0
081.661  000.002  000.002: sourcing nvim_exec2() called at /root/.config/nvim/init.lua:0
081.668  000.001  000.001: sourcing nvim_exec2() called at /root/.config/nvim/init.lua:0
081.673  000.001  000.001: sourcing nvim_exec2() called at /root/.config/nvim/init.lua:0
081.678  000.001  000.001: sourcing nvim_exec2() called at /root/.config/nvim/init.lua:0
081.684  000.002  000.002: sourcing nvim_exec2() called at /root/.config/nvim/init.lua:0
081.697  000.010  000.010: sourcing nvim_exec2() called at /root/.config/nvim/init.lua:0
084.068  000.008  000.008: sourcing nvim_exec2() called at /root/.config/nvim/init.lua:0
084.076  000.004  000.004: sourcing nvim_exec2() called at /root/.config/nvim/init.lua:0
084.441  000.007  000.007: sourcing nvim_exec2() called at /root/.config/nvim/init.lua:0
084.451  000.002  000.002: sourcing nvim_exec2() called at /root/.config/nvim/init.lua:0
084.459  000.002  000.002: sourcing nvim_exec2() called at /root/.config/nvim/init.lua:0
084.530  000.003  000.003: sourcing nvim_exec2() called at /root/.config/nvim/init.lua:0
084.542  000.001  000.001: sourcing nvim_exec2() called at /root/.config/nvim/init.lua:0
084.571  000.001  000.001: sourcing nvim_exec2() called at /root/.config/nvim/init.lua:0
084.578  000.001  000.001: sourcing nvim_exec2() called at /root/.config/nvim/init.lua:0
084.587  000.003  000.003: sourcing nvim_exec2() called at /root/.config/nvim/init.lua:0
084.593  000.002  000.002: sourcing nvim_exec2() called at /root/.config/nvim/init.lua:0
084.598  000.001  000.001: sourcing nvim_exec2() called at /root/.config/nvim/init.lua:0
084.603  000.001  000.001: sourcing nvim_exec2() called at /root/.config/nvim/init.lua:0
084.610  000.001  000.001: sourcing nvim_exec2() called at /root/.config/nvim/init.lua:0
084.615  000.001  000.001: sourcing nvim_exec2() called at /root/.config/nvim/init.lua:0
084.621  000.001  000.001: sourcing nvim_exec2() called at /root/.config/nvim/init.lua:0
084.627  000.001  000.001: sourcing nvim_exec2() called at /root/.config/nvim/init.lua:0
084.634  000.001  000.001: sourcing nvim_exec2() called at /root/.config/nvim/init.lua:0
084.639  000.001  000.001: sourcing nvim_exec2() called at /root/.config/nvim/init.lua:0
084.644  000.001  000.001: sourcing nvim_exec2() called at /root/.config/nvim/init.lua:0
084.661  000.001  000.001: sourcing nvim_exec2() called at /root/.config/nvim/init.lua:0
084.665  000.001  000.001: sourcing nvim_exec2() called at /root/.config/nvim/init.lua:0
084.669  000.001  000.001: sourcing nvim_exec2() called at /root/.config/nvim/init.lua:0
085.048  000.009  000.009: sourcing nvim_exec2() called at /root/.config/nvim/init.lua:0
085.057  000.001  000.001: sourcing nvim_exec2() called at /root/.config/nvim/init.lua:0
085.060  000.002  000.002: sourcing nvim_exec2() called at /root/.config/nvim/init.lua:0
085.065  000.003  000.003: sourcing nvim_exec2() called at /root/.config/nvim/init.lua:0
086.165  000.007  000.007: sourcing nvim_exec2() called at /root/.config/nvim/init.lua:0
086.206  000.003  000.003: sourcing nvim_exec2() called at /root/.config/nvim/init.lua:0
086.214  000.002  000.002: sourcing nvim_exec2() called at /root/.config/nvim/init.lua:0
086.223  000.002  000.002: sourcing nvim_exec2() called at /root/.config/nvim/init.lua:0
086.228  000.001  000.001: sourcing nvim_exec2() called at /root/.config/nvim/init.lua:0
086.239  000.001  000.001: sourcing nvim_exec2() called at /root/.config/nvim/init.lua:0
086.243  000.001  000.001: sourcing nvim_exec2() called at /root/.config/nvim/init.lua:0
086.253  000.003  000.003: sourcing nvim_exec2() called at /root/.config/nvim/init.lua:0
086.258  000.002  000.002: sourcing nvim_exec2() called at /root/.config/nvim/init.lua:0
086.263  000.001  000.001: sourcing nvim_exec2() called at /root/.config/nvim/init.lua:0
086.270  000.002  000.002: sourcing nvim_exec2() called at /root/.config/nvim/init.lua:0
086.275  000.001  000.001: sourcing nvim_exec2() called at /root/.config/nvim/init.lua:0
086.282  000.001  000.001: sourcing nvim_exec2() called at /root/.config/nvim/init.lua:0
086.286  000.001  000.001: sourcing nvim_exec2() called at /root/.config/nvim/init.lua:0
086.294  000.002  000.002: sourcing nvim_exec2() called at /root/.config/nvim/init.lua:0
086.299  000.002  000.002: sourcing nvim_exec2() called at /root/.config/nvim/init.lua:0
086.304  000.002  000.002: sourcing nvim_exec2() called at /root/.config/nvim/init.lua:0
086.310  000.001  000.001: sourcing nvim_exec2() called at /root/.config/nvim/init.lua:0
086.314  000.001  000.001: sourcing nvim_exec2() called at /root/.config/nvim/init.lua:0
086.318  000.001  000.001: sourcing nvim_exec2() called at /root/.config/nvim/init.lua:0
086.324  000.001  000.001: sourcing nvim_exec2() called at /root/.config/nvim/init.lua:0
086.332  000.002  000.002: sourcing nvim_exec2() called at /root/.config/nvim/init.lua:0
086.337  000.001  000.001: sourcing nvim_exec2() called at /root/.config/nvim/init.lua:0
086.341  000.001  000.001: sourcing nvim_exec2() called at /root/.config/nvim/init.lua:0
086.346  000.001  000.001: sourcing nvim_exec2() called at /root/.config/nvim/init.lua:0
086.351  000.001  000.001: sourcing nvim_exec2() called at /root/.config/nvim/init.lua:0
086.386  000.002  000.002: sourcing nvim_exec2() called at /root/.config/nvim/init.lua:0
086.391  000.001  000.001: sourcing nvim_exec2() called at /root/.config/nvim/init.lua:0
086.940  000.288  000.288: require('lualine.utils.mode')
088.408  000.009  000.009: sourcing nvim_exec2() called at /root/.config/nvim/init.lua:0
088.419  000.002  000.002: sourcing nvim_exec2() called at /root/.config/nvim/init.lua:0
088.425  000.002  000.002: sourcing nvim_exec2() called at /root/.config/nvim/init.lua:0
088.438  000.002  000.002: sourcing nvim_exec2() called at /root/.config/nvim/init.lua:0
088.443  000.001  000.001: sourcing nvim_exec2() called at /root/.config/nvim/init.lua:0
088.452  000.002  000.002: sourcing nvim_exec2() called at /root/.config/nvim/init.lua:0
088.457  000.001  000.001: sourcing nvim_exec2() called at /root/.config/nvim/init.lua:0
088.536  000.011  000.011: sourcing nvim_exec2() called at /root/.config/nvim/init.lua:0
088.565  000.005  000.005: sourcing nvim_exec2() called at /root/.config/nvim/init.lua:0
088.577  000.010  000.010: sourcing nvim_exec2() called at /root/.config/nvim/init.lua:0
088.583  000.003  000.003: sourcing nvim_exec2() called at /root/.config/nvim/init.lua:0
088.587  000.002  000.002: sourcing nvim_exec2() called at /root/.config/nvim/init.lua:0
088.595  011.876  009.155: require('plugins.configs.lualine')
088.697  000.002  000.002: sourcing nvim_exec2() called at /root/.config/nvim/init.lua:0
088.709  000.001  000.001: sourcing nvim_exec2() called at /root/.config/nvim/init.lua:0
090.700  001.611  001.611: require('mini.starter')
090.835  002.122  000.511: require('plugins.configs.mini-starter')
091.053  000.005  000.005: sourcing nvim_exec2() called at /root/.config/nvim/init.lua:0
091.071  000.001  000.001: sourcing nvim_exec2() called at /root/.config/nvim/init.lua:0
092.400  000.181  000.181: require('notifier.config')
092.405  000.506  000.326: require('notifier.status')
092.407  001.333  000.826: require('notifier')
093.398  000.708  000.708: require('vim.lsp.completion')
093.440  001.014  000.307: require('vim.lsp.handlers')
093.528  000.003  000.003: sourcing nvim_exec2() called at /root/.config/nvim/init.lua:0
093.535  000.001  000.001: sourcing nvim_exec2() called at /root/.config/nvim/init.lua:0
094.899  000.211  000.211: require('fidget.spinner.patterns')
094.902  000.393  000.183: require('fidget.spinner')
095.413  000.325  000.325: require('fidget.health')
095.415  000.511  000.186: require('fidget.options')
095.419  001.055  000.151: require('fidget.progress.display')
095.766  000.206  000.206: require('fidget.logger')
095.770  000.350  000.144: require('fidget.progress.lsp')
096.536  000.202  000.202: require('fidget.poll')
096.552  000.418  000.216: require('fidget.notification.model')
096.879  000.326  000.326: require('fidget.notification.window')
097.127  000.245  000.245: require('fidget.notification.view')
097.183  001.236  000.247: require('fidget.notification')
097.186  001.415  000.179: require('fidget.progress.handle')
097.197  003.031  000.211: require('fidget.progress')
097.545  000.346  000.346: require('fidget.commands')
098.031  000.224  000.224: require('fidget.integration.nvim-tree')
098.234  000.200  000.200: require('fidget.integration.xcodebuild-nvim')
098.239  000.691  000.267: require('fidget.integration')
098.244  004.705  000.638: require('fidget')
098.406  000.008  000.008: sourcing nvim_exec2() called at /root/.config/nvim/init.lua:0
098.413  000.001  000.001: sourcing nvim_exec2() called at /root/.config/nvim/init.lua:0
100.627  000.526  000.526: require('hardtime.config')
101.107  000.476  000.476: require('hardtime.log')
101.163  001.425  000.423: require('hardtime.util')
101.178  002.411  000.986: require('hardtime')
101.183  002.765  000.354: require('plugins.configs.hardtime')
101.231  000.006  000.006: sourcing nvim_exec2() called at /root/.config/nvim/init.lua:0
101.238  000.001  000.001: sourcing nvim_exec2() called at /root/.config/nvim/init.lua:0
103.027  000.359  000.359: require('modes.utils')
103.036  001.389  001.030: require('modes')
103.087  000.008  000.008: sourcing nvim_exec2() called at /root/.config/nvim/init.lua:0
103.091  000.001  000.001: sourcing nvim_exec2() called at /root/.config/nvim/init.lua:0
103.093  000.001  000.001: sourcing nvim_exec2() called at /root/.config/nvim/init.lua:0
103.096  000.001  000.001: sourcing nvim_exec2() called at /root/.config/nvim/init.lua:0
103.103  000.004  000.004: sourcing nvim_exec2() called at /root/.config/nvim/init.lua:0
103.107  000.002  000.002: sourcing nvim_exec2() called at /root/.config/nvim/init.lua:0
103.109  000.001  000.001: sourcing nvim_exec2() called at /root/.config/nvim/init.lua:0
103.112  000.001  000.001: sourcing nvim_exec2() called at /root/.config/nvim/init.lua:0
103.115  000.001  000.001: sourcing nvim_exec2() called at /root/.config/nvim/init.lua:0
103.117  000.001  000.001: sourcing nvim_exec2() called at /root/.config/nvim/init.lua:0
103.120  000.001  000.001: sourcing nvim_exec2() called at /root/.config/nvim/init.lua:0
103.122  000.001  000.001: sourcing nvim_exec2() called at /root/.config/nvim/init.lua:0
103.125  000.001  000.001: sourcing nvim_exec2() called at /root/.config/nvim/init.lua:0
103.127  000.001  000.001: sourcing nvim_exec2() called at /root/.config/nvim/init.lua:0
103.130  000.001  000.001: sourcing nvim_exec2() called at /root/.config/nvim/init.lua:0
103.133  000.001  000.001: sourcing nvim_exec2() called at /root/.config/nvim/init.lua:0
103.135  000.001  000.001: sourcing nvim_exec2() called at /root/.config/nvim/init.lua:0
103.138  000.001  000.001: sourcing nvim_exec2() called at /root/.config/nvim/init.lua:0
103.140  000.001  000.001: sourcing nvim_exec2() called at /root/.config/nvim/init.lua:0
103.142  000.001  000.001: sourcing nvim_exec2() called at /root/.config/nvim/init.lua:0
103.146  000.001  000.001: sourcing nvim_exec2() called at /root/.config/nvim/init.lua:0
103.148  000.002  000.002: sourcing nvim_exec2() called at /root/.config/nvim/init.lua:0
103.151  000.001  000.001: sourcing nvim_exec2() called at /root/.config/nvim/init.lua:0
103.224  001.982  000.555: require('plugins.configs.modes')
103.259  000.002  000.002: sourcing nvim_exec2() called at /root/.config/nvim/init.lua:0
103.264  000.001  000.001: sourcing nvim_exec2() called at /root/.config/nvim/init.lua:0
104.520  000.208  000.208: require('arrow.config')
104.729  000.207  000.207: require('arrow.utils')
105.501  000.225  000.225: require('arrow.git')
105.511  000.516  000.291: require('arrow.persist')
105.737  000.223  000.223: require('arrow.integration.icons')
105.742  001.011  000.271: require('arrow.ui')
106.189  000.231  000.231: require('arrow.json')
106.196  000.453  000.222: require('arrow.buffer_persist')
106.597  000.258  000.258: require('arrow.buffer_ui')
106.601  000.404  000.146: require('arrow.commands')
106.823  000.221  000.221: require('arrow.save_keys')
106.826  003.126  000.622: require('arrow')
106.835  000.005  000.005: sourcing nvim_exec2() called at /root/.config/nvim/init.lua:0
106.838  000.002  000.002: sourcing nvim_exec2() called at /root/.config/nvim/init.lua:0
106.841  000.001  000.001: sourcing nvim_exec2() called at /root/.config/nvim/init.lua:0
106.843  000.002  000.002: sourcing nvim_exec2() called at /root/.config/nvim/init.lua:0
107.287  004.020  000.884: require('plugins.configs.arrow')
108.755  000.150  000.150: require('eyeliner.config')
109.247  000.151  000.151: require('eyeliner.utils')
109.252  000.301  000.150: require('eyeliner.shared')
109.764  000.144  000.144: require('eyeliner.string')
109.768  000.353  000.209: require('eyeliner.liner')
109.770  000.517  000.164: require('eyeliner.always-on')
109.914  000.144  000.144: require('eyeliner.on-key')
109.917  001.159  000.197: require('eyeliner.main')
109.919  001.842  000.534: require('eyeliner')
110.017  002.233  000.391: sourcing /root/.local/share/nvim/lazy/eyeliner.nvim/plugin/init.lua
110.022  002.263  000.030: sourcing nvim_exec2() called at /root/.config/nvim/init.lua:0
110.031  000.003  000.003: sourcing nvim_exec2() called at /root/.config/nvim/init.lua:0
110.062  000.001  000.001: sourcing nvim_exec2() called at /root/.config/nvim/init.lua:0
110.464  000.363  000.363: require('plugins.configs.eyeliner')
110.659  000.003  000.003: sourcing nvim_exec2() called at /root/.config/nvim/init.lua:0
110.666  000.001  000.001: sourcing nvim_exec2() called at /root/.config/nvim/init.lua:0
112.479  001.806  001.806: require('mini.icons')
112.569  000.006  000.006: sourcing nvim_exec2() called at /root/.config/nvim/init.lua:0
112.580  000.001  000.001: sourcing nvim_exec2() called at /root/.config/nvim/init.lua:0
113.474  000.550  000.550: require('oil')
113.744  000.267  000.267: require('oil.ringbuf')
114.003  000.257  000.257: require('oil.config')
115.424  001.296  001.296: require('vim.filetype')
116.460  000.324  000.324: require('oil.log')
116.475  000.637  000.313: require('oil.fs')
117.286  000.333  000.333: require('oil.constants')
117.345  000.869  000.535: require('oil.util')
117.418  000.008  000.008: sourcing nvim_exec2() called at /root/.config/nvim/init.lua:0
117.426  000.001  000.001: sourcing nvim_exec2() called at /root/.config/nvim/init.lua:0
119.682  000.217  000.217: require('mind.notify')
120.481  000.381  000.381: require('plenary.bit')
120.777  000.293  000.293: require('plenary.functional')
120.812  001.126  000.452: require('plenary.path')
120.814  001.690  000.347: require('mind.data')
120.992  000.177  000.177: require('mind.indexing')
121.175  000.181  000.181: require('mind.keymap')
121.439  000.261  000.261: require('mind.node')
121.805  000.363  000.363: require('mind.ui')
121.824  003.170  000.498: require('mind.commands')
122.002  000.177  000.177: require('mind.highlight')
122.262  000.258  000.258: require('mind.state')
122.268  004.139  000.534: require('mind')
122.448  000.180  000.180: require('mind.defaults')
123.196  000.262  000.262: sourcing /root/.local/share/nvim/lazy/todo-comments.nvim/plugin/todo.vim
123.201  000.296  000.034: sourcing nvim_exec2() called at /root/.config/nvim/init.lua:0
123.211  000.003  000.003: sourcing nvim_exec2() called at /root/.config/nvim/init.lua:0
123.229  000.001  000.001: sourcing nvim_exec2() called at /root/.config/nvim/init.lua:0
124.776  000.238  000.238: require('todo-comments.util')
124.788  000.511  000.273: require('todo-comments.config')
125.789  000.803  000.803: require('todo-comments.highlight')
125.796  001.006  000.203: require('todo-comments.jump')
125.801  002.265  000.748: require('todo-comments')
125.845  002.610  000.345: require('plugins.configs.todo-comments')
125.992  000.005  000.005: sourcing nvim_exec2() called at /root/.config/nvim/init.lua:0
126.000  000.001  000.001: sourcing nvim_exec2() called at /root/.config/nvim/init.lua:0
127.791  000.542  000.542: require('global-note.utils')
127.795  000.793  000.251: require('global-note.preset')
127.812  001.512  000.719: require('global-note')
128.742  000.588  000.588: require('vim.health')
128.754  000.922  000.334: require('vim.deprecated.health')
129.156  003.153  000.719: require('plugins.configs.global-notes')
129.257  000.007  000.007: sourcing nvim_exec2() called at /root/.config/nvim/init.lua:0
129.273  000.001  000.001: sourcing nvim_exec2() called at /root/.config/nvim/init.lua:0
130.472  000.840  000.840: require('rayso')
131.142  000.342  000.342: require('lib.params')
131.146  000.656  000.314: require('lib.create')
131.174  001.896  000.400: require('plugins.configs.rayso')
132.066  000.389  000.389: sourcing /root/.local/share/nvim/lazy/smart-splits.nvim/plugin/init.lua
132.085  000.436  000.048: sourcing nvim_exec2() called at /root/.config/nvim/init.lua:0
134.101  000.564  000.564: require('smart-splits.types')
134.956  000.382  000.382: require('smart-splits.lazy')
134.998  000.865  000.482: require('smart-splits')
135.017  002.454  001.026: require('smart-splits.commands')
136.053  000.443  000.443: require('smart-splits.mux.utils')
136.066  000.958  000.515: require('smart-splits.config')
136.678  000.314  000.314: require('smart-splits.log.file')
137.016  000.328  000.328: require('smart-splits.log.async')
137.028  000.935  000.293: require('smart-splits.log')
137.774  000.311  000.311: require('smart-splits.mux')
138.016  000.237  000.237: require('smart-splits.mux.tmux')
138.238  000.209  000.209: require('smart-splits.utils')
138.596  000.339  000.339: require('vim._system')
144.906  012.730  007.287: sourcing /root/.local/share/nvim/lazy/smart-splits.nvim/plugin/smart-splits.lua
144.925  012.773  000.043: sourcing nvim_exec2() called at /root/.config/nvim/init.lua:0
144.956  000.008  000.008: sourcing nvim_exec2() called at /root/.config/nvim/init.lua:0
144.986  000.001  000.001: sourcing nvim_exec2() called at /root/.config/nvim/init.lua:0
145.905  000.903  000.903: require('plugins.configs.smart-splits')
146.015  000.004  000.004: sourcing nvim_exec2() called at /root/.config/nvim/init.lua:0
146.024  000.001  000.001: sourcing nvim_exec2() called at /root/.config/nvim/init.lua:0
148.073  001.503  001.503: require('mini.ai')
148.292  002.263  000.760: require('plugins.configs.mini-ai')
148.357  000.004  000.004: sourcing nvim_exec2() called at /root/.config/nvim/init.lua:0
148.367  000.001  000.001: sourcing nvim_exec2() called at /root/.config/nvim/init.lua:0
149.820  001.449  001.449: require('lint')
150.511  000.253  000.253: sourcing /root/.local/share/nvim/lazy/nvim-colorizer.lua/plugin/colorizer.lua
150.515  000.278  000.025: sourcing nvim_exec2() called at /root/.config/nvim/init.lua:0
150.522  000.002  000.002: sourcing nvim_exec2() called at /root/.config/nvim/init.lua:0
150.537  000.001  000.001: sourcing nvim_exec2() called at /root/.config/nvim/init.lua:0
152.139  000.271  000.271: require('colorizer.color')
152.412  000.270  000.270: require('colorizer.constants')
152.985  000.298  000.298: require('colorizer.trie')
153.697  000.429  000.429: require('colorizer.utils')
153.707  000.719  000.290: require('colorizer.parser.names')
153.993  000.285  000.285: require('colorizer.parser.argb_hex')
154.273  000.277  000.277: require('colorizer.parser.hsl')
154.546  000.271  000.271: require('colorizer.parser.rgb')
154.793  000.245  000.245: require('colorizer.parser.rgba_hex')
155.040  000.245  000.245: require('colorizer.parser.oklch')
155.336  000.294  000.294: require('colorizer.sass')
155.803  000.466  000.466: require('colorizer.parser.xterm')
155.809  003.395  000.296: require('colorizer.matcher')
156.239  000.428  000.428: require('colorizer.tailwind')
156.244  004.698  000.334: require('colorizer.buffer')
156.529  000.284  000.284: require('colorizer.config')
156.546  005.767  000.786: require('colorizer')
157.021  000.336  000.336: require('colorizer.usercmds')
157.036  006.496  000.392: require('plugins.configs.colorizer')
157.082  000.004  000.004: sourcing nvim_exec2() called at /root/.config/nvim/init.lua:0
157.088  000.001  000.001: sourcing nvim_exec2() called at /root/.config/nvim/init.lua:0
158.454  001.128  001.128: require('mini.move')
158.536  001.444  000.316: require('plugins.configs.mini-move')
160.797  000.225  000.225: require('nvim-ts-autotag._log')
160.956  000.155  000.155: require('nvim-ts-autotag.config.init')
161.644  000.225  000.225: require('nvim-ts-autotag.utils')
161.649  000.429  000.204: require('nvim-ts-autotag.config.ft')
161.654  000.695  000.267: require('nvim-ts-autotag.config.plugin')
161.663  001.400  000.326: require('nvim-ts-autotag.internal')
161.664  002.462  001.061: require('nvim-ts-autotag')
161.725  002.791  000.329: sourcing /root/.local/share/nvim/lazy/nvim-ts-autotag/plugin/nvim-ts-autotag.lua
161.732  002.826  000.035: sourcing nvim_exec2() called at /root/.config/nvim/init.lua:0
161.745  000.006  000.006: sourcing nvim_exec2() called at /root/.config/nvim/init.lua:0
161.756  000.001  000.001: sourcing nvim_exec2() called at /root/.config/nvim/init.lua:0
162.489  000.728  000.728: require('plugins.configs.ts-autotag')
162.547  000.004  000.004: sourcing nvim_exec2() called at /root/.config/nvim/init.lua:0
162.554  000.001  000.001: sourcing nvim_exec2() called at /root/.config/nvim/init.lua:0
164.059  001.143  001.143: require('mini.surround')
166.189  003.592  002.449: require('plugins.configs.mini-surround')
166.248  000.004  000.004: sourcing nvim_exec2() called at /root/.config/nvim/init.lua:0
166.256  000.001  000.001: sourcing nvim_exec2() called at /root/.config/nvim/init.lua:0
167.296  000.733  000.733: require('ts-error-translator')
167.619  000.317  000.317: require('ts-error-translator.diagnostic')
167.623  001.364  000.314: require('plugins.configs.ts-error-translator')
168.482  000.421  000.421: sourcing /root/.local/share/nvim/lazy/hop.nvim/plugin/hop.vim
168.487  000.450  000.028: sourcing nvim_exec2() called at /root/.config/nvim/init.lua:0
168.495  000.001  000.001: sourcing nvim_exec2() called at /root/.config/nvim/init.lua:0
168.507  000.001  000.001: sourcing nvim_exec2() called at /root/.config/nvim/init.lua:0
169.657  000.827  000.827: require('hop')
170.116  000.199  000.199: require('hop.perm')
170.582  000.192  000.192: require('hop.priority')
170.587  000.466  000.275: require('hop.hint')
170.588  000.927  000.261: require('hop.defaults')
170.830  000.238  000.238: require('hop.highlight')
170.859  002.345  000.352: require('plugins.configs.hop')
171.719  000.364  000.364: sourcing /root/.local/share/nvim/lazy/telescope.nvim/plugin/telescope.lua
171.724  000.386  000.022: sourcing nvim_exec2() called at /root/.config/nvim/init.lua:0
171.731  000.002  000.002: sourcing nvim_exec2() called at /root/.config/nvim/init.lua:0
171.740  000.001  000.001: sourcing nvim_exec2() called at /root/.config/nvim/init.lua:0
173.647  000.262  000.262: require('telescope._extensions')
173.651  001.596  001.333: require('telescope')
175.211  000.394  000.394: require('plenary.strings')
176.047  000.279  000.279: require('plenary.log')
176.061  000.568  000.290: require('telescope.log')
177.013  000.192  000.192: require('plenary.compat')
177.020  000.606  000.414: require('plenary.job')
177.211  000.189  000.189: require('telescope.state')
177.545  000.326  000.326: require('vim.hl')
177.560  001.499  000.378: require('telescope.utils')
177.566  002.352  000.285: require('telescope.sorters')
178.881  004.509  001.763: require('telescope.config')
179.418  000.159  000.159: require('telescope.config.resolve')
179.421  000.537  000.378: require('telescope.pickers.entry_display')
180.013  000.367  000.367: require('telescope.make_entry')
181.259  000.206  000.206: require('plenary.tbl')
181.263  000.413  000.207: require('plenary.vararg.rotate')
181.264  000.602  000.189: require('plenary.vararg')
181.464  000.199  000.199: require('plenary.errors')
181.469  000.999  000.197: require('plenary.async.async')
182.196  000.191  000.191: require('plenary.async.structs')
182.202  000.337  000.147: require('plenary.async.control')
182.206  000.538  000.201: require('plenary.async.util')
182.207  000.737  000.200: require('plenary.async.tests')
182.210  001.960  000.224: require('plenary.async')
182.212  002.196  000.236: require('telescope.finders.async_static_finder')
182.837  000.187  000.187: require('plenary.class')
182.847  000.421  000.233: require('telescope._')
182.848  000.636  000.215: require('telescope.finders.async_oneshot_finder')
183.057  000.207  000.207: require('telescope.finders.async_job_finder')
183.061  003.639  000.234: require('telescope.finders')
184.435  000.375  000.375: require('plenary.window.border')
184.658  000.221  000.221: require('plenary.window')
184.878  000.218  000.218: require('plenary.popup.utils')
184.885  001.407  000.594: require('plenary.popup')
185.709  000.401  000.401: require('telescope.pickers.scroller')
185.905  000.192  000.192: require('telescope.actions.state')
186.123  000.216  000.216: require('telescope.actions.utils')
186.708  000.350  000.350: require('telescope.actions.mt')
186.736  000.611  000.261: require('telescope.actions.set')
186.996  000.258  000.258: require('telescope.from_entry')
187.333  002.447  000.769: require('telescope.actions')
187.601  000.266  000.266: require('telescope.debounce')
187.907  000.303  000.303: require('telescope.mappings')
188.094  000.184  000.184: require('telescope.pickers.highlights')
188.300  000.204  000.204: require('telescope.pickers.window')
188.502  000.200  000.200: require('telescope.pickers.layout')
188.950  000.222  000.222: require('telescope.algos.linked_list')
188.957  000.453  000.231: require('telescope.entry_manager')
189.195  000.237  000.237: require('telescope.pickers.multi')
189.221  006.158  000.458: require('telescope.pickers')
189.224  015.571  000.727: require('telescope._extensions.aerial')
190.031  018.286  001.119: require('plugins.configs.telescope')
190.707  000.230  000.230: sourcing /root/.local/share/nvim/lazy/nvim-scissors/plugin/ex-commands.lua
190.713  000.264  000.034: sourcing nvim_exec2() called at /root/.config/nvim/init.lua:0
190.722  000.003  000.003: sourcing nvim_exec2() called at /root/.config/nvim/init.lua:0
190.735  000.001  000.001: sourcing nvim_exec2() called at /root/.config/nvim/init.lua:0
191.286  000.207  000.207: sourcing /usr/share/nvim/runtime/plugin/editorconfig.lua
191.291  000.227  000.020: sourcing nvim_exec2() called at /root/.config/nvim/init.lua:0
191.630  000.320  000.320: sourcing /usr/share/nvim/runtime/plugin/gzip.vim
191.633  000.337  000.017: sourcing nvim_exec2() called at /root/.config/nvim/init.lua:0
191.879  000.227  000.227: sourcing /usr/share/nvim/runtime/plugin/man.lua
191.883  000.243  000.016: sourcing nvim_exec2() called at /root/.config/nvim/init.lua:0
192.924  000.291  000.291: sourcing /usr/share/nvim/runtime/pack/dist/opt/matchit/plugin/matchit.vim
192.938  001.039  000.747: sourcing /usr/share/nvim/runtime/plugin/matchit.vim
192.940  001.052  000.014: sourcing nvim_exec2() called at /root/.config/nvim/init.lua:0
193.233  000.264  000.264: sourcing /usr/share/nvim/runtime/plugin/matchparen.vim
193.236  000.279  000.015: sourcing nvim_exec2() called at /root/.config/nvim/init.lua:0
193.410  000.154  000.154: sourcing /usr/share/nvim/runtime/plugin/netrwPlugin.vim
193.414  000.172  000.018: sourcing nvim_exec2() called at /root/.config/nvim/init.lua:0
193.709  000.276  000.276: sourcing /usr/share/nvim/runtime/plugin/osc52.lua
193.713  000.294  000.018: sourcing nvim_exec2() called at /root/.config/nvim/init.lua:0
193.931  000.199  000.199: sourcing /usr/share/nvim/runtime/plugin/rplugin.vim
193.934  000.216  000.017: sourcing nvim_exec2() called at /root/.config/nvim/init.lua:0
194.097  000.136  000.136: sourcing /usr/share/nvim/runtime/plugin/shada.vim
194.099  000.152  000.016: sourcing nvim_exec2() called at /root/.config/nvim/init.lua:0
194.298  000.161  000.161: sourcing /usr/share/nvim/runtime/plugin/spellfile.vim
194.301  000.191  000.030: sourcing nvim_exec2() called at /root/.config/nvim/init.lua:0
194.476  000.147  000.147: sourcing /usr/share/nvim/runtime/plugin/tarPlugin.vim
194.478  000.164  000.017: sourcing nvim_exec2() called at /root/.config/nvim/init.lua:0
194.675  000.167  000.167: sourcing /usr/share/nvim/runtime/plugin/tohtml.lua
194.679  000.189  000.022: sourcing nvim_exec2() called at /root/.config/nvim/init.lua:0
194.817  000.110  000.110: sourcing /usr/share/nvim/runtime/plugin/tutor.vim
194.820  000.131  000.022: sourcing nvim_exec2() called at /root/.config/nvim/init.lua:0
195.124  000.242  000.242: sourcing /usr/share/nvim/runtime/plugin/zipPlugin.vim
195.127  000.263  000.020: sourcing nvim_exec2() called at /root/.config/nvim/init.lua:0
195.362  177.552  022.208: require('plugins')
196.918  000.168  000.168: sourcing nvim_exec2() called at /root/.local/share/nvim/lazy/poimandres.nvim/colors/poimandres.lua:0
197.006  000.056  000.056: require('poimandres.palette')
197.123  000.004  000.004: sourcing nvim_exec2() called at /root/.local/share/nvim/lazy/poimandres.nvim/colors/poimandres.lua:0
197.127  000.001  000.001: sourcing nvim_exec2() called at /root/.local/share/nvim/lazy/poimandres.nvim/colors/poimandres.lua:0
197.130  000.001  000.001: sourcing nvim_exec2() called at /root/.local/share/nvim/lazy/poimandres.nvim/colors/poimandres.lua:0
197.133  000.001  000.001: sourcing nvim_exec2() called at /root/.local/share/nvim/lazy/poimandres.nvim/colors/poimandres.lua:0
197.158  000.001  000.001: sourcing nvim_exec2() called at /root/.local/share/nvim/lazy/poimandres.nvim/colors/poimandres.lua:0
197.160  000.001  000.001: sourcing nvim_exec2() called at /root/.local/share/nvim/lazy/poimandres.nvim/colors/poimandres.lua:0
197.163  000.001  000.001: sourcing nvim_exec2() called at /root/.local/share/nvim/lazy/poimandres.nvim/colors/poimandres.lua:0
197.166  000.001  000.001: sourcing nvim_exec2() called at /root/.local/share/nvim/lazy/poimandres.nvim/colors/poimandres.lua:0
197.168  000.001  000.001: sourcing nvim_exec2() called at /root/.local/share/nvim/lazy/poimandres.nvim/colors/poimandres.lua:0
197.171  000.001  000.001: sourcing nvim_exec2() called at /root/.local/share/nvim/lazy/poimandres.nvim/colors/poimandres.lua:0
197.173  000.001  000.001: sourcing nvim_exec2() called at /root/.local/share/nvim/lazy/poimandres.nvim/colors/poimandres.lua:0
197.175  000.001  000.001: sourcing nvim_exec2() called at /root/.local/share/nvim/lazy/poimandres.nvim/colors/poimandres.lua:0
197.178  000.001  000.001: sourcing nvim_exec2() called at /root/.local/share/nvim/lazy/poimandres.nvim/colors/poimandres.lua:0
197.180  000.001  000.001: sourcing nvim_exec2() called at /root/.local/share/nvim/lazy/poimandres.nvim/colors/poimandres.lua:0
197.182  000.001  000.001: sourcing nvim_exec2() called at /root/.local/share/nvim/lazy/poimandres.nvim/colors/poimandres.lua:0
197.186  000.001  000.001: sourcing nvim_exec2() called at /root/.local/share/nvim/lazy/poimandres.nvim/colors/poimandres.lua:0
197.189  000.001  000.001: sourcing nvim_exec2() called at /root/.local/share/nvim/lazy/poimandres.nvim/colors/poimandres.lua:0
197.193  000.001  000.001: sourcing nvim_exec2() called at /root/.local/share/nvim/lazy/poimandres.nvim/colors/poimandres.lua:0
197.195  000.001  000.001: sourcing nvim_exec2() called at /root/.local/share/nvim/lazy/poimandres.nvim/colors/poimandres.lua:0
197.197  000.001  000.001: sourcing nvim_exec2() called at /root/.local/share/nvim/lazy/poimandres.nvim/colors/poimandres.lua:0
197.200  000.001  000.001: sourcing nvim_exec2() called at /root/.local/share/nvim/lazy/poimandres.nvim/colors/poimandres.lua:0
197.241  000.002  000.002: sourcing nvim_exec2() called at /root/.local/share/nvim/lazy/poimandres.nvim/colors/poimandres.lua:0
197.246  000.001  000.001: sourcing nvim_exec2() called at /root/.local/share/nvim/lazy/poimandres.nvim/colors/poimandres.lua:0
197.248  000.001  000.001: sourcing nvim_exec2() called at /root/.local/share/nvim/lazy/poimandres.nvim/colors/poimandres.lua:0
197.253  000.001  000.001: sourcing nvim_exec2() called at /root/.local/share/nvim/lazy/poimandres.nvim/colors/poimandres.lua:0
197.255  000.001  000.001: sourcing nvim_exec2() called at /root/.local/share/nvim/lazy/poimandres.nvim/colors/poimandres.lua:0
197.257  000.001  000.001: sourcing nvim_exec2() called at /root/.local/share/nvim/lazy/poimandres.nvim/colors/poimandres.lua:0
197.261  000.001  000.001: sourcing nvim_exec2() called at /root/.local/share/nvim/lazy/poimandres.nvim/colors/poimandres.lua:0
197.264  000.001  000.001: sourcing nvim_exec2() called at /root/.local/share/nvim/lazy/poimandres.nvim/colors/poimandres.lua:0
197.266  000.001  000.001: sourcing nvim_exec2() called at /root/.local/share/nvim/lazy/poimandres.nvim/colors/poimandres.lua:0
197.268  000.001  000.001: sourcing nvim_exec2() called at /root/.local/share/nvim/lazy/poimandres.nvim/colors/poimandres.lua:0
197.272  000.001  000.001: sourcing nvim_exec2() called at /root/.local/share/nvim/lazy/poimandres.nvim/colors/poimandres.lua:0
197.274  000.001  000.001: sourcing nvim_exec2() called at /root/.local/share/nvim/lazy/poimandres.nvim/colors/poimandres.lua:0
197.276  000.001  000.001: sourcing nvim_exec2() called at /root/.local/share/nvim/lazy/poimandres.nvim/colors/poimandres.lua:0
197.278  000.001  000.001: sourcing nvim_exec2() called at /root/.local/share/nvim/lazy/poimandres.nvim/colors/poimandres.lua:0
197.280  000.001  000.001: sourcing nvim_exec2() called at /root/.local/share/nvim/lazy/poimandres.nvim/colors/poimandres.lua:0
197.284  000.001  000.001: sourcing nvim_exec2() called at /root/.local/share/nvim/lazy/poimandres.nvim/colors/poimandres.lua:0
197.287  000.001  000.001: sourcing nvim_exec2() called at /root/.local/share/nvim/lazy/poimandres.nvim/colors/poimandres.lua:0
197.289  000.001  000.001: sourcing nvim_exec2() called at /root/.local/share/nvim/lazy/poimandres.nvim/colors/poimandres.lua:0
197.293  000.001  000.001: sourcing nvim_exec2() called at /root/.local/share/nvim/lazy/poimandres.nvim/colors/poimandres.lua:0
197.295  000.001  000.001: sourcing nvim_exec2() called at /root/.local/share/nvim/lazy/poimandres.nvim/colors/poimandres.lua:0
197.297  000.001  000.001: sourcing nvim_exec2() called at /root/.local/share/nvim/lazy/poimandres.nvim/colors/poimandres.lua:0
197.300  000.001  000.001: sourcing nvim_exec2() called at /root/.local/share/nvim/lazy/poimandres.nvim/colors/poimandres.lua:0
197.302  000.001  000.001: sourcing nvim_exec2() called at /root/.local/share/nvim/lazy/poimandres.nvim/colors/poimandres.lua:0
197.304  000.001  000.001: sourcing nvim_exec2() called at /root/.local/share/nvim/lazy/poimandres.nvim/colors/poimandres.lua:0
197.306  000.001  000.001: sourcing nvim_exec2() called at /root/.local/share/nvim/lazy/poimandres.nvim/colors/poimandres.lua:0
197.308  000.001  000.001: sourcing nvim_exec2() called at /root/.local/share/nvim/lazy/poimandres.nvim/colors/poimandres.lua:0
197.310  000.001  000.001: sourcing nvim_exec2() called at /root/.local/share/nvim/lazy/poimandres.nvim/colors/poimandres.lua:0
197.313  000.001  000.001: sourcing nvim_exec2() called at /root/.local/share/nvim/lazy/poimandres.nvim/colors/poimandres.lua:0
197.315  000.001  000.001: sourcing nvim_exec2() called at /root/.local/share/nvim/lazy/poimandres.nvim/colors/poimandres.lua:0
197.318  000.001  000.001: sourcing nvim_exec2() called at /root/.local/share/nvim/lazy/poimandres.nvim/colors/poimandres.lua:0
197.320  000.001  000.001: sourcing nvim_exec2() called at /root/.local/share/nvim/lazy/poimandres.nvim/colors/poimandres.lua:0
197.322  000.001  000.001: sourcing nvim_exec2() called at /root/.local/share/nvim/lazy/poimandres.nvim/colors/poimandres.lua:0
197.323  000.001  000.001: sourcing nvim_exec2() called at /root/.local/share/nvim/lazy/poimandres.nvim/colors/poimandres.lua:0
197.325  000.001  000.001: sourcing nvim_exec2() called at /root/.local/share/nvim/lazy/poimandres.nvim/colors/poimandres.lua:0
197.327  000.001  000.001: sourcing nvim_exec2() called at /root/.local/share/nvim/lazy/poimandres.nvim/colors/poimandres.lua:0
197.329  000.001  000.001: sourcing nvim_exec2() called at /root/.local/share/nvim/lazy/poimandres.nvim/colors/poimandres.lua:0
197.333  000.001  000.001: sourcing nvim_exec2() called at /root/.local/share/nvim/lazy/poimandres.nvim/colors/poimandres.lua:0
197.335  000.001  000.001: sourcing nvim_exec2() called at /root/.local/share/nvim/lazy/poimandres.nvim/colors/poimandres.lua:0
197.337  000.001  000.001: sourcing nvim_exec2() called at /root/.local/share/nvim/lazy/poimandres.nvim/colors/poimandres.lua:0
197.338  000.001  000.001: sourcing nvim_exec2() called at /root/.local/share/nvim/lazy/poimandres.nvim/colors/poimandres.lua:0
197.341  000.001  000.001: sourcing nvim_exec2() called at /root/.local/share/nvim/lazy/poimandres.nvim/colors/poimandres.lua:0
197.343  000.001  000.001: sourcing nvim_exec2() called at /root/.local/share/nvim/lazy/poimandres.nvim/colors/poimandres.lua:0
197.345  000.001  000.001: sourcing nvim_exec2() called at /root/.local/share/nvim/lazy/poimandres.nvim/colors/poimandres.lua:0
197.347  000.001  000.001: sourcing nvim_exec2() called at /root/.local/share/nvim/lazy/poimandres.nvim/colors/poimandres.lua:0
197.349  000.001  000.001: sourcing nvim_exec2() called at /root/.local/share/nvim/lazy/poimandres.nvim/colors/poimandres.lua:0
197.351  000.001  000.001: sourcing nvim_exec2() called at /root/.local/share/nvim/lazy/poimandres.nvim/colors/poimandres.lua:0
197.353  000.001  000.001: sourcing nvim_exec2() called at /root/.local/share/nvim/lazy/poimandres.nvim/colors/poimandres.lua:0
197.361  000.001  000.001: sourcing nvim_exec2() called at /root/.local/share/nvim/lazy/poimandres.nvim/colors/poimandres.lua:0
197.364  000.001  000.001: sourcing nvim_exec2() called at /root/.local/share/nvim/lazy/poimandres.nvim/colors/poimandres.lua:0
197.365  000.001  000.001: sourcing nvim_exec2() called at /root/.local/share/nvim/lazy/poimandres.nvim/colors/poimandres.lua:0
197.368  000.001  000.001: sourcing nvim_exec2() called at /root/.local/share/nvim/lazy/poimandres.nvim/colors/poimandres.lua:0
197.370  000.001  000.001: sourcing nvim_exec2() called at /root/.local/share/nvim/lazy/poimandres.nvim/colors/poimandres.lua:0
197.372  000.001  000.001: sourcing nvim_exec2() called at /root/.local/share/nvim/lazy/poimandres.nvim/colors/poimandres.lua:0
197.376  000.001  000.001: sourcing nvim_exec2() called at /root/.local/share/nvim/lazy/poimandres.nvim/colors/poimandres.lua:0
197.377  000.001  000.001: sourcing nvim_exec2() called at /root/.local/share/nvim/lazy/poimandres.nvim/colors/poimandres.lua:0
197.383  000.001  000.001: sourcing nvim_exec2() called at /root/.local/share/nvim/lazy/poimandres.nvim/colors/poimandres.lua:0
197.385  000.001  000.001: sourcing nvim_exec2() called at /root/.local/share/nvim/lazy/poimandres.nvim/colors/poimandres.lua:0
197.388  000.001  000.001: sourcing nvim_exec2() called at /root/.local/share/nvim/lazy/poimandres.nvim/colors/poimandres.lua:0
197.390  000.001  000.001: sourcing nvim_exec2() called at /root/.local/share/nvim/lazy/poimandres.nvim/colors/poimandres.lua:0
197.392  000.001  000.001: sourcing nvim_exec2() called at /root/.local/share/nvim/lazy/poimandres.nvim/colors/poimandres.lua:0
197.395  000.001  000.001: sourcing nvim_exec2() called at /root/.local/share/nvim/lazy/poimandres.nvim/colors/poimandres.lua:0
197.396  000.001  000.001: sourcing nvim_exec2() called at /root/.local/share/nvim/lazy/poimandres.nvim/colors/poimandres.lua:0
197.398  000.001  000.001: sourcing nvim_exec2() called at /root/.local/share/nvim/lazy/poimandres.nvim/colors/poimandres.lua:0
197.400  000.001  000.001: sourcing nvim_exec2() called at /root/.local/share/nvim/lazy/poimandres.nvim/colors/poimandres.lua:0
197.403  000.001  000.001: sourcing nvim_exec2() called at /root/.local/share/nvim/lazy/poimandres.nvim/colors/poimandres.lua:0
197.405  000.001  000.001: sourcing nvim_exec2() called at /root/.local/share/nvim/lazy/poimandres.nvim/colors/poimandres.lua:0
197.408  000.001  000.001: sourcing nvim_exec2() called at /root/.local/share/nvim/lazy/poimandres.nvim/colors/poimandres.lua:0
197.409  000.001  000.001: sourcing nvim_exec2() called at /root/.local/share/nvim/lazy/poimandres.nvim/colors/poimandres.lua:0
197.411  000.001  000.001: sourcing nvim_exec2() called at /root/.local/share/nvim/lazy/poimandres.nvim/colors/poimandres.lua:0
197.413  000.001  000.001: sourcing nvim_exec2() called at /root/.local/share/nvim/lazy/poimandres.nvim/colors/poimandres.lua:0
197.418  000.001  000.001: sourcing nvim_exec2() called at /root/.local/share/nvim/lazy/poimandres.nvim/colors/poimandres.lua:0
197.420  000.001  000.001: sourcing nvim_exec2() called at /root/.local/share/nvim/lazy/poimandres.nvim/colors/poimandres.lua:0
197.422  000.001  000.001: sourcing nvim_exec2() called at /root/.local/share/nvim/lazy/poimandres.nvim/colors/poimandres.lua:0
197.424  000.001  000.001: sourcing nvim_exec2() called at /root/.local/share/nvim/lazy/poimandres.nvim/colors/poimandres.lua:0
197.427  000.001  000.001: sourcing nvim_exec2() called at /root/.local/share/nvim/lazy/poimandres.nvim/colors/poimandres.lua:0
197.430  000.001  000.001: sourcing nvim_exec2() called at /root/.local/share/nvim/lazy/poimandres.nvim/colors/poimandres.lua:0
197.432  000.001  000.001: sourcing nvim_exec2() called at /root/.local/share/nvim/lazy/poimandres.nvim/colors/poimandres.lua:0
197.434  000.001  000.001: sourcing nvim_exec2() called at /root/.local/share/nvim/lazy/poimandres.nvim/colors/poimandres.lua:0
197.436  000.001  000.001: sourcing nvim_exec2() called at /root/.local/share/nvim/lazy/poimandres.nvim/colors/poimandres.lua:0
197.438  000.001  000.001: sourcing nvim_exec2() called at /root/.local/share/nvim/lazy/poimandres.nvim/colors/poimandres.lua:0
197.440  000.001  000.001: sourcing nvim_exec2() called at /root/.local/share/nvim/lazy/poimandres.nvim/colors/poimandres.lua:0
197.443  000.001  000.001: sourcing nvim_exec2() called at /root/.local/share/nvim/lazy/poimandres.nvim/colors/poimandres.lua:0
197.444  000.001  000.001: sourcing nvim_exec2() called at /root/.local/share/nvim/lazy/poimandres.nvim/colors/poimandres.lua:0
197.446  000.001  000.001: sourcing nvim_exec2() called at /root/.local/share/nvim/lazy/poimandres.nvim/colors/poimandres.lua:0
197.448  000.001  000.001: sourcing nvim_exec2() called at /root/.local/share/nvim/lazy/poimandres.nvim/colors/poimandres.lua:0
197.450  000.001  000.001: sourcing nvim_exec2() called at /root/.local/share/nvim/lazy/poimandres.nvim/colors/poimandres.lua:0
197.452  000.001  000.001: sourcing nvim_exec2() called at /root/.local/share/nvim/lazy/poimandres.nvim/colors/poimandres.lua:0
197.454  000.001  000.001: sourcing nvim_exec2() called at /root/.local/share/nvim/lazy/poimandres.nvim/colors/poimandres.lua:0
197.485  000.003  000.003: sourcing nvim_exec2() called at /root/.local/share/nvim/lazy/poimandres.nvim/colors/poimandres.lua:0
197.500  000.002  000.002: sourcing nvim_exec2() called at /root/.local/share/nvim/lazy/poimandres.nvim/colors/poimandres.lua:0
197.503  000.001  000.001: sourcing nvim_exec2() called at /root/.local/share/nvim/lazy/poimandres.nvim/colors/poimandres.lua:0
197.506  000.001  000.001: sourcing nvim_exec2() called at /root/.local/share/nvim/lazy/poimandres.nvim/colors/poimandres.lua:0
197.509  000.001  000.001: sourcing nvim_exec2() called at /root/.local/share/nvim/lazy/poimandres.nvim/colors/poimandres.lua:0
197.514  000.002  000.002: sourcing nvim_exec2() called at /root/.local/share/nvim/lazy/poimandres.nvim/colors/poimandres.lua:0
197.578  000.003  000.003: sourcing nvim_exec2() called at /root/.local/share/nvim/lazy/poimandres.nvim/colors/poimandres.lua:0
197.611  000.002  000.002: sourcing nvim_exec2() called at /root/.local/share/nvim/lazy/poimandres.nvim/colors/poimandres.lua:0
197.615  000.001  000.001: sourcing nvim_exec2() called at /root/.local/share/nvim/lazy/poimandres.nvim/colors/poimandres.lua:0
197.635  000.002  000.002: sourcing nvim_exec2() called at /root/.local/share/nvim/lazy/poimandres.nvim/colors/poimandres.lua:0
197.654  000.002  000.002: sourcing nvim_exec2() called at /root/.local/share/nvim/lazy/poimandres.nvim/colors/poimandres.lua:0
197.658  000.001  000.001: sourcing nvim_exec2() called at /root/.local/share/nvim/lazy/poimandres.nvim/colors/poimandres.lua:0
197.660  000.001  000.001: sourcing nvim_exec2() called at /root/.local/share/nvim/lazy/poimandres.nvim/colors/poimandres.lua:0
197.663  000.001  000.001: sourcing nvim_exec2() called at /root/.local/share/nvim/lazy/poimandres.nvim/colors/poimandres.lua:0
197.665  000.001  000.001: sourcing nvim_exec2() called at /root/.local/share/nvim/lazy/poimandres.nvim/colors/poimandres.lua:0
197.671  000.001  000.001: sourcing nvim_exec2() called at /root/.local/share/nvim/lazy/poimandres.nvim/colors/poimandres.lua:0
197.674  000.001  000.001: sourcing nvim_exec2() called at /root/.local/share/nvim/lazy/poimandres.nvim/colors/poimandres.lua:0
197.676  000.001  000.001: sourcing nvim_exec2() called at /root/.local/share/nvim/lazy/poimandres.nvim/colors/poimandres.lua:0
197.678  000.001  000.001: sourcing nvim_exec2() called at /root/.local/share/nvim/lazy/poimandres.nvim/colors/poimandres.lua:0
197.680  000.001  000.001: sourcing nvim_exec2() called at /root/.local/share/nvim/lazy/poimandres.nvim/colors/poimandres.lua:0
197.683  000.001  000.001: sourcing nvim_exec2() called at /root/.local/share/nvim/lazy/poimandres.nvim/colors/poimandres.lua:0
197.685  000.001  000.001: sourcing nvim_exec2() called at /root/.local/share/nvim/lazy/poimandres.nvim/colors/poimandres.lua:0
197.687  000.001  000.001: sourcing nvim_exec2() called at /root/.local/share/nvim/lazy/poimandres.nvim/colors/poimandres.lua:0
197.701  000.001  000.001: sourcing nvim_exec2() called at /root/.local/share/nvim/lazy/poimandres.nvim/colors/poimandres.lua:0
197.706  000.001  000.001: sourcing nvim_exec2() called at /root/.local/share/nvim/lazy/poimandres.nvim/colors/poimandres.lua:0
197.708  000.001  000.001: sourcing nvim_exec2() called at /root/.local/share/nvim/lazy/poimandres.nvim/colors/poimandres.lua:0
197.711  000.001  000.001: sourcing nvim_exec2() called at /root/.local/share/nvim/lazy/poimandres.nvim/colors/poimandres.lua:0
197.714  000.001  000.001: sourcing nvim_exec2() called at /root/.local/share/nvim/lazy/poimandres.nvim/colors/poimandres.lua:0
197.716  000.001  000.001: sourcing nvim_exec2() called at /root/.local/share/nvim/lazy/poimandres.nvim/colors/poimandres.lua:0
197.718  000.001  000.001: sourcing nvim_exec2() called at /root/.local/share/nvim/lazy/poimandres.nvim/colors/poimandres.lua:0
197.720  000.001  000.001: sourcing nvim_exec2() called at /root/.local/share/nvim/lazy/poimandres.nvim/colors/poimandres.lua:0
197.724  000.001  000.001: sourcing nvim_exec2() called at /root/.local/share/nvim/lazy/poimandres.nvim/colors/poimandres.lua:0
197.726  000.001  000.001: sourcing nvim_exec2() called at /root/.local/share/nvim/lazy/poimandres.nvim/colors/poimandres.lua:0
197.728  000.001  000.001: sourcing nvim_exec2() called at /root/.local/share/nvim/lazy/poimandres.nvim/colors/poimandres.lua:0
197.731  000.001  000.001: sourcing nvim_exec2() called at /root/.local/share/nvim/lazy/poimandres.nvim/colors/poimandres.lua:0
197.733  000.001  000.001: sourcing nvim_exec2() called at /root/.local/share/nvim/lazy/poimandres.nvim/colors/poimandres.lua:0
197.735  000.001  000.001: sourcing nvim_exec2() called at /root/.local/share/nvim/lazy/poimandres.nvim/colors/poimandres.lua:0
197.738  000.001  000.001: sourcing nvim_exec2() called at /root/.local/share/nvim/lazy/poimandres.nvim/colors/poimandres.lua:0
197.741  000.001  000.001: sourcing nvim_exec2() called at /root/.local/share/nvim/lazy/poimandres.nvim/colors/poimandres.lua:0
197.744  000.001  000.001: sourcing nvim_exec2() called at /root/.local/share/nvim/lazy/poimandres.nvim/colors/poimandres.lua:0
197.746  000.001  000.001: sourcing nvim_exec2() called at /root/.local/share/nvim/lazy/poimandres.nvim/colors/poimandres.lua:0
197.748  000.001  000.001: sourcing nvim_exec2() called at /root/.local/share/nvim/lazy/poimandres.nvim/colors/poimandres.lua:0
197.751  000.001  000.001: sourcing nvim_exec2() called at /root/.local/share/nvim/lazy/poimandres.nvim/colors/poimandres.lua:0
197.754  000.001  000.001: sourcing nvim_exec2() called at /root/.local/share/nvim/lazy/poimandres.nvim/colors/poimandres.lua:0
197.757  000.001  000.001: sourcing nvim_exec2() called at /root/.local/share/nvim/lazy/poimandres.nvim/colors/poimandres.lua:0
197.759  000.001  000.001: sourcing nvim_exec2() called at /root/.local/share/nvim/lazy/poimandres.nvim/colors/poimandres.lua:0
197.761  000.001  000.001: sourcing nvim_exec2() called at /root/.local/share/nvim/lazy/poimandres.nvim/colors/poimandres.lua:0
197.763  000.001  000.001: sourcing nvim_exec2() called at /root/.local/share/nvim/lazy/poimandres.nvim/colors/poimandres.lua:0
197.768  000.001  000.001: sourcing nvim_exec2() called at /root/.local/share/nvim/lazy/poimandres.nvim/colors/poimandres.lua:0
197.770  000.001  000.001: sourcing nvim_exec2() called at /root/.local/share/nvim/lazy/poimandres.nvim/colors/poimandres.lua:0
197.773  000.001  000.001: sourcing nvim_exec2() called at /root/.local/share/nvim/lazy/poimandres.nvim/colors/poimandres.lua:0
197.775  000.001  000.001: sourcing nvim_exec2() called at /root/.local/share/nvim/lazy/poimandres.nvim/colors/poimandres.lua:0
197.777  000.001  000.001: sourcing nvim_exec2() called at /root/.local/share/nvim/lazy/poimandres.nvim/colors/poimandres.lua:0
197.779  000.001  000.001: sourcing nvim_exec2() called at /root/.local/share/nvim/lazy/poimandres.nvim/colors/poimandres.lua:0
197.781  000.001  000.001: sourcing nvim_exec2() called at /root/.local/share/nvim/lazy/poimandres.nvim/colors/poimandres.lua:0
197.783  000.001  000.001: sourcing nvim_exec2() called at /root/.local/share/nvim/lazy/poimandres.nvim/colors/poimandres.lua:0
197.785  000.001  000.001: sourcing nvim_exec2() called at /root/.local/share/nvim/lazy/poimandres.nvim/colors/poimandres.lua:0
197.787  000.001  000.001: sourcing nvim_exec2() called at /root/.local/share/nvim/lazy/poimandres.nvim/colors/poimandres.lua:0
197.789  000.001  000.001: sourcing nvim_exec2() called at /root/.local/share/nvim/lazy/poimandres.nvim/colors/poimandres.lua:0
197.792  000.001  000.001: sourcing nvim_exec2() called at /root/.local/share/nvim/lazy/poimandres.nvim/colors/poimandres.lua:0
197.794  000.001  000.001: sourcing nvim_exec2() called at /root/.local/share/nvim/lazy/poimandres.nvim/colors/poimandres.lua:0
197.797  000.001  000.001: sourcing nvim_exec2() called at /root/.local/share/nvim/lazy/poimandres.nvim/colors/poimandres.lua:0
197.799  000.001  000.001: sourcing nvim_exec2() called at /root/.local/share/nvim/lazy/poimandres.nvim/colors/poimandres.lua:0
197.801  000.001  000.001: sourcing nvim_exec2() called at /root/.local/share/nvim/lazy/poimandres.nvim/colors/poimandres.lua:0
197.804  000.001  000.001: sourcing nvim_exec2() called at /root/.local/share/nvim/lazy/poimandres.nvim/colors/poimandres.lua:0
197.806  000.001  000.001: sourcing nvim_exec2() called at /root/.local/share/nvim/lazy/poimandres.nvim/colors/poimandres.lua:0
197.810  000.001  000.001: sourcing nvim_exec2() called at /root/.local/share/nvim/lazy/poimandres.nvim/colors/poimandres.lua:0
197.812  000.001  000.001: sourcing nvim_exec2() called at /root/.local/share/nvim/lazy/poimandres.nvim/colors/poimandres.lua:0
197.814  000.001  000.001: sourcing nvim_exec2() called at /root/.local/share/nvim/lazy/poimandres.nvim/colors/poimandres.lua:0
197.816  000.001  000.001: sourcing nvim_exec2() called at /root/.local/share/nvim/lazy/poimandres.nvim/colors/poimandres.lua:0
197.819  000.001  000.001: sourcing nvim_exec2() called at /root/.local/share/nvim/lazy/poimandres.nvim/colors/poimandres.lua:0
197.821  000.001  000.001: sourcing nvim_exec2() called at /root/.local/share/nvim/lazy/poimandres.nvim/colors/poimandres.lua:0
197.822  000.001  000.001: sourcing nvim_exec2() called at /root/.local/share/nvim/lazy/poimandres.nvim/colors/poimandres.lua:0
197.824  000.001  000.001: sourcing nvim_exec2() called at /root/.local/share/nvim/lazy/poimandres.nvim/colors/poimandres.lua:0
197.827  000.001  000.001: sourcing nvim_exec2() called at /root/.local/share/nvim/lazy/poimandres.nvim/colors/poimandres.lua:0
197.829  000.001  000.001: sourcing nvim_exec2() called at /root/.local/share/nvim/lazy/poimandres.nvim/colors/poimandres.lua:0
197.831  000.001  000.001: sourcing nvim_exec2() called at /root/.local/share/nvim/lazy/poimandres.nvim/colors/poimandres.lua:0
197.833  000.001  000.001: sourcing nvim_exec2() called at /root/.local/share/nvim/lazy/poimandres.nvim/colors/poimandres.lua:0
197.835  000.001  000.001: sourcing nvim_exec2() called at /root/.local/share/nvim/lazy/poimandres.nvim/colors/poimandres.lua:0
197.839  000.001  000.001: sourcing nvim_exec2() called at /root/.local/share/nvim/lazy/poimandres.nvim/colors/poimandres.lua:0
197.841  000.001  000.001: sourcing nvim_exec2() called at /root/.local/share/nvim/lazy/poimandres.nvim/colors/poimandres.lua:0
197.843  000.001  000.001: sourcing nvim_exec2() called at /root/.local/share/nvim/lazy/poimandres.nvim/colors/poimandres.lua:0
197.847  000.001  000.001: sourcing nvim_exec2() called at /root/.local/share/nvim/lazy/poimandres.nvim/colors/poimandres.lua:0
197.849  000.001  000.001: sourcing nvim_exec2() called at /root/.local/share/nvim/lazy/poimandres.nvim/colors/poimandres.lua:0
197.851  000.001  000.001: sourcing nvim_exec2() called at /root/.local/share/nvim/lazy/poimandres.nvim/colors/poimandres.lua:0
197.853  000.001  000.001: sourcing nvim_exec2() called at /root/.local/share/nvim/lazy/poimandres.nvim/colors/poimandres.lua:0
197.855  000.001  000.001: sourcing nvim_exec2() called at /root/.local/share/nvim/lazy/poimandres.nvim/colors/poimandres.lua:0
197.857  000.001  000.001: sourcing nvim_exec2() called at /root/.local/share/nvim/lazy/poimandres.nvim/colors/poimandres.lua:0
197.865  000.001  000.001: sourcing nvim_exec2() called at /root/.local/share/nvim/lazy/poimandres.nvim/colors/poimandres.lua:0
197.867  000.001  000.001: sourcing nvim_exec2() called at /root/.local/share/nvim/lazy/poimandres.nvim/colors/poimandres.lua:0
197.869  000.001  000.001: sourcing nvim_exec2() called at /root/.local/share/nvim/lazy/poimandres.nvim/colors/poimandres.lua:0
197.871  000.001  000.001: sourcing nvim_exec2() called at /root/.local/share/nvim/lazy/poimandres.nvim/colors/poimandres.lua:0
197.873  000.001  000.001: sourcing nvim_exec2() called at /root/.local/share/nvim/lazy/poimandres.nvim/colors/poimandres.lua:0
197.876  000.001  000.001: sourcing nvim_exec2() called at /root/.local/share/nvim/lazy/poimandres.nvim/colors/poimandres.lua:0
197.878  000.001  000.001: sourcing nvim_exec2() called at /root/.local/share/nvim/lazy/poimandres.nvim/colors/poimandres.lua:0
197.879  000.001  000.001: sourcing nvim_exec2() called at /root/.local/share/nvim/lazy/poimandres.nvim/colors/poimandres.lua:0
197.881  000.001  000.001: sourcing nvim_exec2() called at /root/.local/share/nvim/lazy/poimandres.nvim/colors/poimandres.lua:0
197.884  000.001  000.001: sourcing nvim_exec2() called at /root/.local/share/nvim/lazy/poimandres.nvim/colors/poimandres.lua:0
197.886  000.001  000.001: sourcing nvim_exec2() called at /root/.local/share/nvim/lazy/poimandres.nvim/colors/poimandres.lua:0
197.888  000.001  000.001: sourcing nvim_exec2() called at /root/.local/share/nvim/lazy/poimandres.nvim/colors/poimandres.lua:0
197.895  000.001  000.001: sourcing nvim_exec2() called at /root/.local/share/nvim/lazy/poimandres.nvim/colors/poimandres.lua:0
197.896  000.001  000.001: sourcing nvim_exec2() called at /root/.local/share/nvim/lazy/poimandres.nvim/colors/poimandres.lua:0
197.914  000.017  000.017: sourcing nvim_exec2() called at /root/.local/share/nvim/lazy/poimandres.nvim/colors/poimandres.lua:0
197.919  000.001  000.001: sourcing nvim_exec2() called at /root/.local/share/nvim/lazy/poimandres.nvim/colors/poimandres.lua:0
197.922  000.001  000.001: sourcing nvim_exec2() called at /root/.local/share/nvim/lazy/poimandres.nvim/colors/poimandres.lua:0
197.925  000.001  000.001: sourcing nvim_exec2() called at /root/.local/share/nvim/lazy/poimandres.nvim/colors/poimandres.lua:0
197.927  000.001  000.001: sourcing nvim_exec2() called at /root/.local/share/nvim/lazy/poimandres.nvim/colors/poimandres.lua:0
197.930  000.001  000.001: sourcing nvim_exec2() called at /root/.local/share/nvim/lazy/poimandres.nvim/colors/poimandres.lua:0
197.933  000.001  000.001: sourcing nvim_exec2() called at /root/.local/share/nvim/lazy/poimandres.nvim/colors/poimandres.lua:0
197.983  000.002  000.002: sourcing nvim_exec2() called at /root/.local/share/nvim/lazy/poimandres.nvim/colors/poimandres.lua:0
197.986  000.001  000.001: sourcing nvim_exec2() called at /root/.local/share/nvim/lazy/poimandres.nvim/colors/poimandres.lua:0
197.988  000.001  000.001: sourcing nvim_exec2() called at /root/.local/share/nvim/lazy/poimandres.nvim/colors/poimandres.lua:0
197.994  000.001  000.001: sourcing nvim_exec2() called at /root/.local/share/nvim/lazy/poimandres.nvim/colors/poimandres.lua:0
197.996  000.001  000.001: sourcing nvim_exec2() called at /root/.local/share/nvim/lazy/poimandres.nvim/colors/poimandres.lua:0
197.998  000.001  000.001: sourcing nvim_exec2() called at /root/.local/share/nvim/lazy/poimandres.nvim/colors/poimandres.lua:0
198.000  000.001  000.001: sourcing nvim_exec2() called at /root/.local/share/nvim/lazy/poimandres.nvim/colors/poimandres.lua:0
198.002  000.001  000.001: sourcing nvim_exec2() called at /root/.local/share/nvim/lazy/poimandres.nvim/colors/poimandres.lua:0
198.004  000.001  000.001: sourcing nvim_exec2() called at /root/.local/share/nvim/lazy/poimandres.nvim/colors/poimandres.lua:0
198.006  000.001  000.001: sourcing nvim_exec2() called at /root/.local/share/nvim/lazy/poimandres.nvim/colors/poimandres.lua:0
198.009  000.001  000.001: sourcing nvim_exec2() called at /root/.local/share/nvim/lazy/poimandres.nvim/colors/poimandres.lua:0
198.011  000.001  000.001: sourcing nvim_exec2() called at /root/.local/share/nvim/lazy/poimandres.nvim/colors/poimandres.lua:0
198.013  000.001  000.001: sourcing nvim_exec2() called at /root/.local/share/nvim/lazy/poimandres.nvim/colors/poimandres.lua:0
198.015  000.001  000.001: sourcing nvim_exec2() called at /root/.local/share/nvim/lazy/poimandres.nvim/colors/poimandres.lua:0
198.017  000.001  000.001: sourcing nvim_exec2() called at /root/.local/share/nvim/lazy/poimandres.nvim/colors/poimandres.lua:0
198.019  000.001  000.001: sourcing nvim_exec2() called at /root/.local/share/nvim/lazy/poimandres.nvim/colors/poimandres.lua:0
198.022  000.001  000.001: sourcing nvim_exec2() called at /root/.local/share/nvim/lazy/poimandres.nvim/colors/poimandres.lua:0
198.024  000.001  000.001: sourcing nvim_exec2() called at /root/.local/share/nvim/lazy/poimandres.nvim/colors/poimandres.lua:0
198.026  000.001  000.001: sourcing nvim_exec2() called at /root/.local/share/nvim/lazy/poimandres.nvim/colors/poimandres.lua:0
198.027  000.001  000.001: sourcing nvim_exec2() called at /root/.local/share/nvim/lazy/poimandres.nvim/colors/poimandres.lua:0
198.032  000.001  000.001: sourcing nvim_exec2() called at /root/.local/share/nvim/lazy/poimandres.nvim/colors/poimandres.lua:0
198.034  000.001  000.001: sourcing nvim_exec2() called at /root/.local/share/nvim/lazy/poimandres.nvim/colors/poimandres.lua:0
198.036  000.001  000.001: sourcing nvim_exec2() called at /root/.local/share/nvim/lazy/poimandres.nvim/colors/poimandres.lua:0
198.038  000.001  000.001: sourcing nvim_exec2() called at /root/.local/share/nvim/lazy/poimandres.nvim/colors/poimandres.lua:0
198.041  000.001  000.001: sourcing nvim_exec2() called at /root/.local/share/nvim/lazy/poimandres.nvim/colors/poimandres.lua:0
198.043  000.001  000.001: sourcing nvim_exec2() called at /root/.local/share/nvim/lazy/poimandres.nvim/colors/poimandres.lua:0
198.045  000.001  000.001: sourcing nvim_exec2() called at /root/.local/share/nvim/lazy/poimandres.nvim/colors/poimandres.lua:0
198.047  000.001  000.001: sourcing nvim_exec2() called at /root/.local/share/nvim/lazy/poimandres.nvim/colors/poimandres.lua:0
198.051  000.002  000.002: sourcing nvim_exec2() called at /root/.local/share/nvim/lazy/poimandres.nvim/colors/poimandres.lua:0
198.053  000.001  000.001: sourcing nvim_exec2() called at /root/.local/share/nvim/lazy/poimandres.nvim/colors/poimandres.lua:0
198.056  000.001  000.001: sourcing nvim_exec2() called at /root/.local/share/nvim/lazy/poimandres.nvim/colors/poimandres.lua:0
198.058  000.001  000.001: sourcing nvim_exec2() called at /root/.local/share/nvim/lazy/poimandres.nvim/colors/poimandres.lua:0
198.060  000.001  000.001: sourcing nvim_exec2() called at /root/.local/share/nvim/lazy/poimandres.nvim/colors/poimandres.lua:0
198.062  000.001  000.001: sourcing nvim_exec2() called at /root/.local/share/nvim/lazy/poimandres.nvim/colors/poimandres.lua:0
198.064  000.001  000.001: sourcing nvim_exec2() called at /root/.local/share/nvim/lazy/poimandres.nvim/colors/poimandres.lua:0
198.067  000.001  000.001: sourcing nvim_exec2() called at /root/.local/share/nvim/lazy/poimandres.nvim/colors/poimandres.lua:0
198.069  000.001  000.001: sourcing nvim_exec2() called at /root/.local/share/nvim/lazy/poimandres.nvim/colors/poimandres.lua:0
198.072  000.001  000.001: sourcing nvim_exec2() called at /root/.local/share/nvim/lazy/poimandres.nvim/colors/poimandres.lua:0
198.074  000.001  000.001: sourcing nvim_exec2() called at /root/.local/share/nvim/lazy/poimandres.nvim/colors/poimandres.lua:0
198.075  000.001  000.001: sourcing nvim_exec2() called at /root/.local/share/nvim/lazy/poimandres.nvim/colors/poimandres.lua:0
198.078  000.001  000.001: sourcing nvim_exec2() called at /root/.local/share/nvim/lazy/poimandres.nvim/colors/poimandres.lua:0
198.080  000.001  000.001: sourcing nvim_exec2() called at /root/.local/share/nvim/lazy/poimandres.nvim/colors/poimandres.lua:0
198.081  000.001  000.001: sourcing nvim_exec2() called at /root/.local/share/nvim/lazy/poimandres.nvim/colors/poimandres.lua:0
198.091  000.001  000.001: sourcing nvim_exec2() called at /root/.local/share/nvim/lazy/poimandres.nvim/colors/poimandres.lua:0
198.093  000.001  000.001: sourcing nvim_exec2() called at /root/.local/share/nvim/lazy/poimandres.nvim/colors/poimandres.lua:0
198.096  000.001  000.001: sourcing nvim_exec2() called at /root/.local/share/nvim/lazy/poimandres.nvim/colors/poimandres.lua:0
198.097  000.001  000.001: sourcing nvim_exec2() called at /root/.local/share/nvim/lazy/poimandres.nvim/colors/poimandres.lua:0
198.099  000.001  000.001: sourcing nvim_exec2() called at /root/.local/share/nvim/lazy/poimandres.nvim/colors/poimandres.lua:0
198.101  000.001  000.001: sourcing nvim_exec2() called at /root/.local/share/nvim/lazy/poimandres.nvim/colors/poimandres.lua:0
198.103  000.001  000.001: sourcing nvim_exec2() called at /root/.local/share/nvim/lazy/poimandres.nvim/colors/poimandres.lua:0
198.106  000.001  000.001: sourcing nvim_exec2() called at /root/.local/share/nvim/lazy/poimandres.nvim/colors/poimandres.lua:0
198.108  000.001  000.001: sourcing nvim_exec2() called at /root/.local/share/nvim/lazy/poimandres.nvim/colors/poimandres.lua:0
198.110  000.001  000.001: sourcing nvim_exec2() called at /root/.local/share/nvim/lazy/poimandres.nvim/colors/poimandres.lua:0
198.112  000.001  000.001: sourcing nvim_exec2() called at /root/.local/share/nvim/lazy/poimandres.nvim/colors/poimandres.lua:0
198.116  000.001  000.001: sourcing nvim_exec2() called at /root/.local/share/nvim/lazy/poimandres.nvim/colors/poimandres.lua:0
198.120  000.001  000.001: sourcing nvim_exec2() called at /root/.local/share/nvim/lazy/poimandres.nvim/colors/poimandres.lua:0
198.122  000.001  000.001: sourcing nvim_exec2() called at /root/.local/share/nvim/lazy/poimandres.nvim/colors/poimandres.lua:0
198.124  000.001  000.001: sourcing nvim_exec2() called at /root/.local/share/nvim/lazy/poimandres.nvim/colors/poimandres.lua:0
198.126  000.001  000.001: sourcing nvim_exec2() called at /root/.local/share/nvim/lazy/poimandres.nvim/colors/poimandres.lua:0
198.128  000.001  000.001: sourcing nvim_exec2() called at /root/.local/share/nvim/lazy/poimandres.nvim/colors/poimandres.lua:0
198.132  000.001  000.001: sourcing nvim_exec2() called at /root/.local/share/nvim/lazy/poimandres.nvim/colors/poimandres.lua:0
198.134  000.001  000.001: sourcing nvim_exec2() called at /root/.local/share/nvim/lazy/poimandres.nvim/colors/poimandres.lua:0
198.136  000.001  000.001: sourcing nvim_exec2() called at /root/.local/share/nvim/lazy/poimandres.nvim/colors/poimandres.lua:0
198.138  000.001  000.001: sourcing nvim_exec2() called at /root/.local/share/nvim/lazy/poimandres.nvim/colors/poimandres.lua:0
198.140  000.001  000.001: sourcing nvim_exec2() called at /root/.local/share/nvim/lazy/poimandres.nvim/colors/poimandres.lua:0
198.143  000.001  000.001: sourcing nvim_exec2() called at /root/.local/share/nvim/lazy/poimandres.nvim/colors/poimandres.lua:0
198.145  000.001  000.001: sourcing nvim_exec2() called at /root/.local/share/nvim/lazy/poimandres.nvim/colors/poimandres.lua:0
198.147  000.001  000.001: sourcing nvim_exec2() called at /root/.local/share/nvim/lazy/poimandres.nvim/colors/poimandres.lua:0
198.149  000.001  000.001: sourcing nvim_exec2() called at /root/.local/share/nvim/lazy/poimandres.nvim/colors/poimandres.lua:0
198.151  000.001  000.001: sourcing nvim_exec2() called at /root/.local/share/nvim/lazy/poimandres.nvim/colors/poimandres.lua:0
198.154  000.001  000.001: sourcing nvim_exec2() called at /root/.local/share/nvim/lazy/poimandres.nvim/colors/poimandres.lua:0
198.158  000.001  000.001: sourcing nvim_exec2() called at /root/.local/share/nvim/lazy/poimandres.nvim/colors/poimandres.lua:0
198.160  000.001  000.001: sourcing nvim_exec2() called at /root/.local/share/nvim/lazy/poimandres.nvim/colors/poimandres.lua:0
198.162  000.001  000.001: sourcing nvim_exec2() called at /root/.local/share/nvim/lazy/poimandres.nvim/colors/poimandres.lua:0
198.164  000.001  000.001: sourcing nvim_exec2() called at /root/.local/share/nvim/lazy/poimandres.nvim/colors/poimandres.lua:0
198.167  000.001  000.001: sourcing nvim_exec2() called at /root/.local/share/nvim/lazy/poimandres.nvim/colors/poimandres.lua:0
198.168  000.001  000.001: sourcing nvim_exec2() called at /root/.local/share/nvim/lazy/poimandres.nvim/colors/poimandres.lua:0
198.170  000.001  000.001: sourcing nvim_exec2() called at /root/.local/share/nvim/lazy/poimandres.nvim/colors/poimandres.lua:0
198.172  000.001  000.001: sourcing nvim_exec2() called at /root/.local/share/nvim/lazy/poimandres.nvim/colors/poimandres.lua:0
198.174  000.001  000.001: sourcing nvim_exec2() called at /root/.local/share/nvim/lazy/poimandres.nvim/colors/poimandres.lua:0
198.178  000.001  000.001: sourcing nvim_exec2() called at /root/.local/share/nvim/lazy/poimandres.nvim/colors/poimandres.lua:0
198.181  000.001  000.001: sourcing nvim_exec2() called at /root/.local/share/nvim/lazy/poimandres.nvim/colors/poimandres.lua:0
198.183  000.001  000.001: sourcing nvim_exec2() called at /root/.local/share/nvim/lazy/poimandres.nvim/colors/poimandres.lua:0
198.185  000.001  000.001: sourcing nvim_exec2() called at /root/.local/share/nvim/lazy/poimandres.nvim/colors/poimandres.lua:0
198.187  000.001  000.001: sourcing nvim_exec2() called at /root/.local/share/nvim/lazy/poimandres.nvim/colors/poimandres.lua:0
198.190  000.001  000.001: sourcing nvim_exec2() called at /root/.local/share/nvim/lazy/poimandres.nvim/colors/poimandres.lua:0
198.192  000.001  000.001: sourcing nvim_exec2() called at /root/.local/share/nvim/lazy/poimandres.nvim/colors/poimandres.lua:0
198.194  000.001  000.001: sourcing nvim_exec2() called at /root/.local/share/nvim/lazy/poimandres.nvim/colors/poimandres.lua:0
198.197  000.001  000.001: sourcing nvim_exec2() called at /root/.local/share/nvim/lazy/poimandres.nvim/colors/poimandres.lua:0
198.200  000.001  000.001: sourcing nvim_exec2() called at /root/.local/share/nvim/lazy/poimandres.nvim/colors/poimandres.lua:0
198.203  000.001  000.001: sourcing nvim_exec2() called at /root/.local/share/nvim/lazy/poimandres.nvim/colors/poimandres.lua:0
198.205  000.001  000.001: sourcing nvim_exec2() called at /root/.local/share/nvim/lazy/poimandres.nvim/colors/poimandres.lua:0
198.207  000.001  000.001: sourcing nvim_exec2() called at /root/.local/share/nvim/lazy/poimandres.nvim/colors/poimandres.lua:0
198.209  000.001  000.001: sourcing nvim_exec2() called at /root/.local/share/nvim/lazy/poimandres.nvim/colors/poimandres.lua:0
198.210  000.001  000.001: sourcing nvim_exec2() called at /root/.local/share/nvim/lazy/poimandres.nvim/colors/poimandres.lua:0
198.214  000.001  000.001: sourcing nvim_exec2() called at /root/.local/share/nvim/lazy/poimandres.nvim/colors/poimandres.lua:0
198.216  000.001  000.001: sourcing nvim_exec2() called at /root/.local/share/nvim/lazy/poimandres.nvim/colors/poimandres.lua:0
198.218  000.001  000.001: sourcing nvim_exec2() called at /root/.local/share/nvim/lazy/poimandres.nvim/colors/poimandres.lua:0
198.221  000.001  000.001: sourcing nvim_exec2() called at /root/.local/share/nvim/lazy/poimandres.nvim/colors/poimandres.lua:0
198.223  000.001  000.001: sourcing nvim_exec2() called at /root/.local/share/nvim/lazy/poimandres.nvim/colors/poimandres.lua:0
198.226  000.001  000.001: sourcing nvim_exec2() called at /root/.local/share/nvim/lazy/poimandres.nvim/colors/poimandres.lua:0
198.228  000.001  000.001: sourcing nvim_exec2() called at /root/.local/share/nvim/lazy/poimandres.nvim/colors/poimandres.lua:0
198.230  000.001  000.001: sourcing nvim_exec2() called at /root/.local/share/nvim/lazy/poimandres.nvim/colors/poimandres.lua:0
198.232  000.001  000.001: sourcing nvim_exec2() called at /root/.local/share/nvim/lazy/poimandres.nvim/colors/poimandres.lua:0
198.255  000.002  000.002: sourcing nvim_exec2() called at /root/.local/share/nvim/lazy/poimandres.nvim/colors/poimandres.lua:0
198.259  000.001  000.001: sourcing nvim_exec2() called at /root/.local/share/nvim/lazy/poimandres.nvim/colors/poimandres.lua:0
198.262  000.001  000.001: sourcing nvim_exec2() called at /root/.local/share/nvim/lazy/poimandres.nvim/colors/poimandres.lua:0
198.272  000.001  000.001: sourcing nvim_exec2() called at /root/.local/share/nvim/lazy/poimandres.nvim/colors/poimandres.lua:0
198.274  000.001  000.001: sourcing nvim_exec2() called at /root/.local/share/nvim/lazy/poimandres.nvim/colors/poimandres.lua:0
198.276  000.001  000.001: sourcing nvim_exec2() called at /root/.local/share/nvim/lazy/poimandres.nvim/colors/poimandres.lua:0
198.280  000.001  000.001: sourcing nvim_exec2() called at /root/.local/share/nvim/lazy/poimandres.nvim/colors/poimandres.lua:0
198.282  000.001  000.001: sourcing nvim_exec2() called at /root/.local/share/nvim/lazy/poimandres.nvim/colors/poimandres.lua:0
198.284  000.001  000.001: sourcing nvim_exec2() called at /root/.local/share/nvim/lazy/poimandres.nvim/colors/poimandres.lua:0
198.285  000.001  000.001: sourcing nvim_exec2() called at /root/.local/share/nvim/lazy/poimandres.nvim/colors/poimandres.lua:0
198.287  000.001  000.001: sourcing nvim_exec2() called at /root/.local/share/nvim/lazy/poimandres.nvim/colors/poimandres.lua:0
198.290  000.001  000.001: sourcing nvim_exec2() called at /root/.local/share/nvim/lazy/poimandres.nvim/colors/poimandres.lua:0
198.292  000.001  000.001: sourcing nvim_exec2() called at /root/.local/share/nvim/lazy/poimandres.nvim/colors/poimandres.lua:0
198.295  000.001  000.001: sourcing nvim_exec2() called at /root/.local/share/nvim/lazy/poimandres.nvim/colors/poimandres.lua:0
198.297  000.001  000.001: sourcing nvim_exec2() called at /root/.local/share/nvim/lazy/poimandres.nvim/colors/poimandres.lua:0
198.299  000.001  000.001: sourcing nvim_exec2() called at /root/.local/share/nvim/lazy/poimandres.nvim/colors/poimandres.lua:0
198.303  000.001  000.001: sourcing nvim_exec2() called at /root/.local/share/nvim/lazy/poimandres.nvim/colors/poimandres.lua:0
198.370  000.003  000.003: sourcing nvim_exec2() called at /root/.local/share/nvim/lazy/poimandres.nvim/colors/poimandres.lua:0
198.377  000.001  000.001: sourcing nvim_exec2() called at /root/.local/share/nvim/lazy/poimandres.nvim/colors/poimandres.lua:0
198.379  000.001  000.001: sourcing nvim_exec2() called at /root/.local/share/nvim/lazy/poimandres.nvim/colors/poimandres.lua:0
198.382  000.001  000.001: sourcing nvim_exec2() called at /root/.local/share/nvim/lazy/poimandres.nvim/colors/poimandres.lua:0
198.385  000.001  000.001: sourcing nvim_exec2() called at /root/.local/share/nvim/lazy/poimandres.nvim/colors/poimandres.lua:0
198.405  000.002  000.002: sourcing nvim_exec2() called at /root/.local/share/nvim/lazy/poimandres.nvim/colors/poimandres.lua:0
198.408  000.001  000.001: sourcing nvim_exec2() called at /root/.local/share/nvim/lazy/poimandres.nvim/colors/poimandres.lua:0
198.410  000.001  000.001: sourcing nvim_exec2() called at /root/.local/share/nvim/lazy/poimandres.nvim/colors/poimandres.lua:0
198.412  000.001  000.001: sourcing nvim_exec2() called at /root/.local/share/nvim/lazy/poimandres.nvim/colors/poimandres.lua:0
198.417  000.001  000.001: sourcing nvim_exec2() called at /root/.local/share/nvim/lazy/poimandres.nvim/colors/poimandres.lua:0
198.420  000.001  000.001: sourcing nvim_exec2() called at /root/.local/share/nvim/lazy/poimandres.nvim/colors/poimandres.lua:0
198.423  000.001  000.001: sourcing nvim_exec2() called at /root/.local/share/nvim/lazy/poimandres.nvim/colors/poimandres.lua:0
198.427  000.001  000.001: sourcing nvim_exec2() called at /root/.local/share/nvim/lazy/poimandres.nvim/colors/poimandres.lua:0
198.429  000.001  000.001: sourcing nvim_exec2() called at /root/.local/share/nvim/lazy/poimandres.nvim/colors/poimandres.lua:0
198.431  000.001  000.001: sourcing nvim_exec2() called at /root/.local/share/nvim/lazy/poimandres.nvim/colors/poimandres.lua:0
198.433  000.001  000.001: sourcing nvim_exec2() called at /root/.local/share/nvim/lazy/poimandres.nvim/colors/poimandres.lua:0
198.435  000.001  000.001: sourcing nvim_exec2() called at /root/.local/share/nvim/lazy/poimandres.nvim/colors/poimandres.lua:0
198.437  000.001  000.001: sourcing nvim_exec2() called at /root/.local/share/nvim/lazy/poimandres.nvim/colors/poimandres.lua:0
198.440  000.001  000.001: sourcing nvim_exec2() called at /root/.local/share/nvim/lazy/poimandres.nvim/colors/poimandres.lua:0
198.442  000.001  000.001: sourcing nvim_exec2() called at /root/.local/share/nvim/lazy/poimandres.nvim/colors/poimandres.lua:0
198.446  000.001  000.001: sourcing nvim_exec2() called at /root/.local/share/nvim/lazy/poimandres.nvim/colors/poimandres.lua:0
198.448  000.001  000.001: sourcing nvim_exec2() called at /root/.local/share/nvim/lazy/poimandres.nvim/colors/poimandres.lua:0
198.451  000.001  000.001: sourcing nvim_exec2() called at /root/.local/share/nvim/lazy/poimandres.nvim/colors/poimandres.lua:0
198.453  000.001  000.001: sourcing nvim_exec2() called at /root/.local/share/nvim/lazy/poimandres.nvim/colors/poimandres.lua:0
198.455  000.001  000.001: sourcing nvim_exec2() called at /root/.local/share/nvim/lazy/poimandres.nvim/colors/poimandres.lua:0
198.457  000.001  000.001: sourcing nvim_exec2() called at /root/.local/share/nvim/lazy/poimandres.nvim/colors/poimandres.lua:0
198.462  000.001  000.001: sourcing nvim_exec2() called at /root/.local/share/nvim/lazy/poimandres.nvim/colors/poimandres.lua:0
198.464  000.001  000.001: sourcing nvim_exec2() called at /root/.local/share/nvim/lazy/poimandres.nvim/colors/poimandres.lua:0
198.466  000.001  000.001: sourcing nvim_exec2() called at /root/.local/share/nvim/lazy/poimandres.nvim/colors/poimandres.lua:0
198.468  000.001  000.001: sourcing nvim_exec2() called at /root/.local/share/nvim/lazy/poimandres.nvim/colors/poimandres.lua:0
198.471  000.001  000.001: sourcing nvim_exec2() called at /root/.local/share/nvim/lazy/poimandres.nvim/colors/poimandres.lua:0
198.473  000.001  000.001: sourcing nvim_exec2() called at /root/.local/share/nvim/lazy/poimandres.nvim/colors/poimandres.lua:0
198.475  000.001  000.001: sourcing nvim_exec2() called at /root/.local/share/nvim/lazy/poimandres.nvim/colors/poimandres.lua:0
198.477  000.001  000.001: sourcing nvim_exec2() called at /root/.local/share/nvim/lazy/poimandres.nvim/colors/poimandres.lua:0
198.521  000.002  000.002: sourcing nvim_exec2() called at /root/.local/share/nvim/lazy/poimandres.nvim/colors/poimandres.lua:0
198.524  000.001  000.001: sourcing nvim_exec2() called at /root/.local/share/nvim/lazy/poimandres.nvim/colors/poimandres.lua:0
198.526  000.001  000.001: sourcing nvim_exec2() called at /root/.local/share/nvim/lazy/poimandres.nvim/colors/poimandres.lua:0
198.528  000.001  000.001: sourcing nvim_exec2() called at /root/.local/share/nvim/lazy/poimandres.nvim/colors/poimandres.lua:0
198.532  000.001  000.001: sourcing nvim_exec2() called at /root/.local/share/nvim/lazy/poimandres.nvim/colors/poimandres.lua:0
198.536  000.001  000.001: sourcing nvim_exec2() called at /root/.local/share/nvim/lazy/poimandres.nvim/colors/poimandres.lua:0
198.538  000.001  000.001: sourcing nvim_exec2() called at /root/.local/share/nvim/lazy/poimandres.nvim/colors/poimandres.lua:0
198.540  000.001  000.001: sourcing nvim_exec2() called at /root/.local/share/nvim/lazy/poimandres.nvim/colors/poimandres.lua:0
198.542  000.001  000.001: sourcing nvim_exec2() called at /root/.local/share/nvim/lazy/poimandres.nvim/colors/poimandres.lua:0
198.544  000.001  000.001: sourcing nvim_exec2() called at /root/.local/share/nvim/lazy/poimandres.nvim/colors/poimandres.lua:0
198.546  000.001  000.001: sourcing nvim_exec2() called at /root/.local/share/nvim/lazy/poimandres.nvim/colors/poimandres.lua:0
198.549  000.001  000.001: sourcing nvim_exec2() called at /root/.local/share/nvim/lazy/poimandres.nvim/colors/poimandres.lua:0
198.551  000.001  000.001: sourcing nvim_exec2() called at /root/.local/share/nvim/lazy/poimandres.nvim/colors/poimandres.lua:0
198.554  000.001  000.001: sourcing nvim_exec2() called at /root/.local/share/nvim/lazy/poimandres.nvim/colors/poimandres.lua:0
198.556  000.001  000.001: sourcing nvim_exec2() called at /root/.local/share/nvim/lazy/poimandres.nvim/colors/poimandres.lua:0
198.558  000.001  000.001: sourcing nvim_exec2() called at /root/.local/share/nvim/lazy/poimandres.nvim/colors/poimandres.lua:0
198.570  000.001  000.001: sourcing nvim_exec2() called at /root/.local/share/nvim/lazy/poimandres.nvim/colors/poimandres.lua:0
198.572  000.001  000.001: sourcing nvim_exec2() called at /root/.local/share/nvim/lazy/poimandres.nvim/colors/poimandres.lua:0
198.574  000.001  000.001: sourcing nvim_exec2() called at /root/.local/share/nvim/lazy/poimandres.nvim/colors/poimandres.lua:0
198.579  000.001  000.001: sourcing nvim_exec2() called at /root/.local/share/nvim/lazy/poimandres.nvim/colors/poimandres.lua:0
198.584  000.001  000.001: sourcing nvim_exec2() called at /root/.local/share/nvim/lazy/poimandres.nvim/colors/poimandres.lua:0
198.586  000.001  000.001: sourcing nvim_exec2() called at /root/.local/share/nvim/lazy/poimandres.nvim/colors/poimandres.lua:0
198.588  000.001  000.001: sourcing nvim_exec2() called at /root/.local/share/nvim/lazy/poimandres.nvim/colors/poimandres.lua:0
198.590  000.001  000.001: sourcing nvim_exec2() called at /root/.local/share/nvim/lazy/poimandres.nvim/colors/poimandres.lua:0
198.592  000.001  000.001: sourcing nvim_exec2() called at /root/.local/share/nvim/lazy/poimandres.nvim/colors/poimandres.lua:0
198.595  000.001  000.001: sourcing nvim_exec2() called at /root/.local/share/nvim/lazy/poimandres.nvim/colors/poimandres.lua:0
198.597  000.001  000.001: sourcing nvim_exec2() called at /root/.local/share/nvim/lazy/poimandres.nvim/colors/poimandres.lua:0
198.599  000.001  000.001: sourcing nvim_exec2() called at /root/.local/share/nvim/lazy/poimandres.nvim/colors/poimandres.lua:0
198.601  000.001  000.001: sourcing nvim_exec2() called at /root/.local/share/nvim/lazy/poimandres.nvim/colors/poimandres.lua:0
198.604  000.001  000.001: sourcing nvim_exec2() called at /root/.local/share/nvim/lazy/poimandres.nvim/colors/poimandres.lua:0
198.607  000.001  000.001: sourcing nvim_exec2() called at /root/.local/share/nvim/lazy/poimandres.nvim/colors/poimandres.lua:0
198.610  000.001  000.001: sourcing nvim_exec2() called at /root/.local/share/nvim/lazy/poimandres.nvim/colors/poimandres.lua:0
198.614  000.001  000.001: sourcing nvim_exec2() called at /root/.local/share/nvim/lazy/poimandres.nvim/colors/poimandres.lua:0
198.616  000.001  000.001: sourcing nvim_exec2() called at /root/.local/share/nvim/lazy/poimandres.nvim/colors/poimandres.lua:0
198.620  000.001  000.001: sourcing nvim_exec2() called at /root/.local/share/nvim/lazy/poimandres.nvim/colors/poimandres.lua:0
198.622  000.001  000.001: sourcing nvim_exec2() called at /root/.local/share/nvim/lazy/poimandres.nvim/colors/poimandres.lua:0
198.626  000.001  000.001: sourcing nvim_exec2() called at /root/.local/share/nvim/lazy/poimandres.nvim/colors/poimandres.lua:0
198.628  000.001  000.001: sourcing nvim_exec2() called at /root/.local/share/nvim/lazy/poimandres.nvim/colors/poimandres.lua:0
198.630  000.001  000.001: sourcing nvim_exec2() called at /root/.local/share/nvim/lazy/poimandres.nvim/colors/poimandres.lua:0
198.633  000.001  000.001: sourcing nvim_exec2() called at /root/.local/share/nvim/lazy/poimandres.nvim/colors/poimandres.lua:0
198.634  000.001  000.001: sourcing nvim_exec2() called at /root/.local/share/nvim/lazy/poimandres.nvim/colors/poimandres.lua:0
198.636  000.001  000.001: sourcing nvim_exec2() called at /root/.local/share/nvim/lazy/poimandres.nvim/colors/poimandres.lua:0
198.639  000.001  000.001: sourcing nvim_exec2() called at /root/.local/share/nvim/lazy/poimandres.nvim/colors/poimandres.lua:0
198.641  000.001  000.001: sourcing nvim_exec2() called at /root/.local/share/nvim/lazy/poimandres.nvim/colors/poimandres.lua:0
198.646  000.001  000.001: sourcing nvim_exec2() called at /root/.local/share/nvim/lazy/poimandres.nvim/colors/poimandres.lua:0
198.648  000.001  000.001: sourcing nvim_exec2() called at /root/.local/share/nvim/lazy/poimandres.nvim/colors/poimandres.lua:0
198.649  000.001  000.001: sourcing nvim_exec2() called at /root/.local/share/nvim/lazy/poimandres.nvim/colors/poimandres.lua:0
198.651  000.001  000.001: sourcing nvim_exec2() called at /root/.local/share/nvim/lazy/poimandres.nvim/colors/poimandres.lua:0
198.653  000.001  000.001: sourcing nvim_exec2() called at /root/.local/share/nvim/lazy/poimandres.nvim/colors/poimandres.lua:0
198.655  000.001  000.001: sourcing nvim_exec2() called at /root/.local/share/nvim/lazy/poimandres.nvim/colors/poimandres.lua:0
198.658  000.001  000.001: sourcing nvim_exec2() called at /root/.local/share/nvim/lazy/poimandres.nvim/colors/poimandres.lua:0
198.660  000.001  000.001: sourcing nvim_exec2() called at /root/.local/share/nvim/lazy/poimandres.nvim/colors/poimandres.lua:0
198.662  000.001  000.001: sourcing nvim_exec2() called at /root/.local/share/nvim/lazy/poimandres.nvim/colors/poimandres.lua:0
198.664  000.001  000.001: sourcing nvim_exec2() called at /root/.local/share/nvim/lazy/poimandres.nvim/colors/poimandres.lua:0
198.667  000.001  000.001: sourcing nvim_exec2() called at /root/.local/share/nvim/lazy/poimandres.nvim/colors/poimandres.lua:0
198.724  000.053  000.053: sourcing nvim_exec2() called at /root/.local/share/nvim/lazy/poimandres.nvim/colors/poimandres.lua:0
198.727  000.001  000.001: sourcing nvim_exec2() called at /root/.local/share/nvim/lazy/poimandres.nvim/colors/poimandres.lua:0
198.728  000.001  000.001: sourcing nvim_exec2() called at /root/.local/share/nvim/lazy/poimandres.nvim/colors/poimandres.lua:0
198.730  000.001  000.001: sourcing nvim_exec2() called at /root/.local/share/nvim/lazy/poimandres.nvim/colors/poimandres.lua:0
198.732  000.001  000.001: sourcing nvim_exec2() called at /root/.local/share/nvim/lazy/poimandres.nvim/colors/poimandres.lua:0
198.737  000.001  000.001: sourcing nvim_exec2() called at /root/.local/share/nvim/lazy/poimandres.nvim/colors/poimandres.lua:0
198.739  000.001  000.001: sourcing nvim_exec2() called at /root/.local/share/nvim/lazy/poimandres.nvim/colors/poimandres.lua:0
198.740  000.001  000.001: sourcing nvim_exec2() called at /root/.local/share/nvim/lazy/poimandres.nvim/colors/poimandres.lua:0
198.743  000.001  000.001: sourcing nvim_exec2() called at /root/.local/share/nvim/lazy/poimandres.nvim/colors/poimandres.lua:0
198.745  000.001  000.001: sourcing nvim_exec2() called at /root/.local/share/nvim/lazy/poimandres.nvim/colors/poimandres.lua:0
198.748  000.001  000.001: sourcing nvim_exec2() called at /root/.local/share/nvim/lazy/poimandres.nvim/colors/poimandres.lua:0
198.750  002.038  001.334: sourcing /root/.local/share/nvim/lazy/poimandres.nvim/colors/poimandres.lua
200.846  000.012  000.012: sourcing nvim_exec2() called at ColorScheme Autocommands for "*":0
201.231  000.003  000.003: sourcing nvim_exec2() called at ColorScheme Autocommands for "*":0
201.235  000.001  000.001: sourcing nvim_exec2() called at ColorScheme Autocommands for "*":0
201.237  000.001  000.001: sourcing nvim_exec2() called at ColorScheme Autocommands for "*":0
201.239  000.001  000.001: sourcing nvim_exec2() called at ColorScheme Autocommands for "*":0
201.242  000.001  000.001: sourcing nvim_exec2() called at ColorScheme Autocommands for "*":0
201.244  000.001  000.001: sourcing nvim_exec2() called at ColorScheme Autocommands for "*":0
201.246  000.001  000.001: sourcing nvim_exec2() called at ColorScheme Autocommands for "*":0
201.247  000.001  000.001: sourcing nvim_exec2() called at ColorScheme Autocommands for "*":0
201.250  000.001  000.001: sourcing nvim_exec2() called at ColorScheme Autocommands for "*":0
201.252  000.001  000.001: sourcing nvim_exec2() called at ColorScheme Autocommands for "*":0
201.254  000.001  000.001: sourcing nvim_exec2() called at ColorScheme Autocommands for "*":0
201.256  000.001  000.001: sourcing nvim_exec2() called at ColorScheme Autocommands for "*":0
201.258  000.001  000.001: sourcing nvim_exec2() called at ColorScheme Autocommands for "*":0
201.260  000.001  000.001: sourcing nvim_exec2() called at ColorScheme Autocommands for "*":0
201.262  000.001  000.001: sourcing nvim_exec2() called at ColorScheme Autocommands for "*":0
201.264  000.001  000.001: sourcing nvim_exec2() called at ColorScheme Autocommands for "*":0
201.274  000.001  000.001: sourcing nvim_exec2() called at ColorScheme Autocommands for "*":0
201.276  000.001  000.001: sourcing nvim_exec2() called at ColorScheme Autocommands for "*":0
201.278  000.001  000.001: sourcing nvim_exec2() called at ColorScheme Autocommands for "*":0
201.280  000.001  000.001: sourcing nvim_exec2() called at ColorScheme Autocommands for "*":0
201.282  000.001  000.001: sourcing nvim_exec2() called at ColorScheme Autocommands for "*":0
201.284  000.001  000.001: sourcing nvim_exec2() called at ColorScheme Autocommands for "*":0
201.286  000.001  000.001: sourcing nvim_exec2() called at ColorScheme Autocommands for "*":0
201.288  000.001  000.001: sourcing nvim_exec2() called at ColorScheme Autocommands for "*":0
201.290  000.001  000.001: sourcing nvim_exec2() called at ColorScheme Autocommands for "*":0
201.292  000.001  000.001: sourcing nvim_exec2() called at ColorScheme Autocommands for "*":0
201.295  000.001  000.001: sourcing nvim_exec2() called at ColorScheme Autocommands for "*":0
201.297  000.001  000.001: sourcing nvim_exec2() called at ColorScheme Autocommands for "*":0
201.299  000.001  000.001: sourcing nvim_exec2() called at ColorScheme Autocommands for "*":0
201.301  000.001  000.001: sourcing nvim_exec2() called at ColorScheme Autocommands for "*":0
201.303  000.001  000.001: sourcing nvim_exec2() called at ColorScheme Autocommands for "*":0
201.305  000.001  000.001: sourcing nvim_exec2() called at ColorScheme Autocommands for "*":0
201.307  000.001  000.001: sourcing nvim_exec2() called at ColorScheme Autocommands for "*":0
201.309  000.001  000.001: sourcing nvim_exec2() called at ColorScheme Autocommands for "*":0
201.311  000.001  000.001: sourcing nvim_exec2() called at ColorScheme Autocommands for "*":0
201.313  000.001  000.001: sourcing nvim_exec2() called at ColorScheme Autocommands for "*":0
201.315  000.001  000.001: sourcing nvim_exec2() called at ColorScheme Autocommands for "*":0
201.317  000.001  000.001: sourcing nvim_exec2() called at ColorScheme Autocommands for "*":0
201.319  000.001  000.001: sourcing nvim_exec2() called at ColorScheme Autocommands for "*":0
201.321  000.001  000.001: sourcing nvim_exec2() called at ColorScheme Autocommands for "*":0
201.322  000.001  000.001: sourcing nvim_exec2() called at ColorScheme Autocommands for "*":0
201.324  000.001  000.001: sourcing nvim_exec2() called at ColorScheme Autocommands for "*":0
201.326  000.001  000.001: sourcing nvim_exec2() called at ColorScheme Autocommands for "*":0
201.368  000.003  000.003: sourcing nvim_exec2() called at ColorScheme Autocommands for "*":0
201.372  000.001  000.001: sourcing nvim_exec2() called at ColorScheme Autocommands for "*":0
201.396  000.002  000.002: sourcing nvim_exec2() called at ColorScheme Autocommands for "*":0
201.399  000.001  000.001: sourcing nvim_exec2() called at ColorScheme Autocommands for "*":0
201.402  000.001  000.001: sourcing nvim_exec2() called at ColorScheme Autocommands for "*":0
201.403  000.001  000.001: sourcing nvim_exec2() called at ColorScheme Autocommands for "*":0
201.405  000.001  000.001: sourcing nvim_exec2() called at ColorScheme Autocommands for "*":0
201.407  000.001  000.001: sourcing nvim_exec2() called at ColorScheme Autocommands for "*":0
201.409  000.001  000.001: sourcing nvim_exec2() called at ColorScheme Autocommands for "*":0
201.411  000.001  000.001: sourcing nvim_exec2() called at ColorScheme Autocommands for "*":0
201.413  000.001  000.001: sourcing nvim_exec2() called at ColorScheme Autocommands for "*":0
201.415  000.001  000.001: sourcing nvim_exec2() called at ColorScheme Autocommands for "*":0
201.416  000.001  000.001: sourcing nvim_exec2() called at ColorScheme Autocommands for "*":0
201.420  000.001  000.001: sourcing nvim_exec2() called at ColorScheme Autocommands for "*":0
201.423  000.001  000.001: sourcing nvim_exec2() called at ColorScheme Autocommands for "*":0
201.425  000.001  000.001: sourcing nvim_exec2() called at ColorScheme Autocommands for "*":0
201.427  000.001  000.001: sourcing nvim_exec2() called at ColorScheme Autocommands for "*":0
201.428  000.001  000.001: sourcing nvim_exec2() called at ColorScheme Autocommands for "*":0
201.430  000.001  000.001: sourcing nvim_exec2() called at ColorScheme Autocommands for "*":0
201.432  000.001  000.001: sourcing nvim_exec2() called at ColorScheme Autocommands for "*":0
201.434  000.001  000.001: sourcing nvim_exec2() called at ColorScheme Autocommands for "*":0
201.436  000.001  000.001: sourcing nvim_exec2() called at ColorScheme Autocommands for "*":0
201.438  000.001  000.001: sourcing nvim_exec2() called at ColorScheme Autocommands for "*":0
201.439  000.001  000.001: sourcing nvim_exec2() called at ColorScheme Autocommands for "*":0
201.442  000.001  000.001: sourcing nvim_exec2() called at ColorScheme Autocommands for "*":0
201.444  000.001  000.001: sourcing nvim_exec2() called at ColorScheme Autocommands for "*":0
201.445  000.001  000.001: sourcing nvim_exec2() called at ColorScheme Autocommands for "*":0
201.447  000.001  000.001: sourcing nvim_exec2() called at ColorScheme Autocommands for "*":0
201.449  000.001  000.001: sourcing nvim_exec2() called at ColorScheme Autocommands for "*":0
201.451  000.001  000.001: sourcing nvim_exec2() called at ColorScheme Autocommands for "*":0
201.453  000.001  000.001: sourcing nvim_exec2() called at ColorScheme Autocommands for "*":0
201.456  000.001  000.001: sourcing nvim_exec2() called at ColorScheme Autocommands for "*":0
201.458  000.001  000.001: sourcing nvim_exec2() called at ColorScheme Autocommands for "*":0
201.459  000.001  000.001: sourcing nvim_exec2() called at ColorScheme Autocommands for "*":0
201.461  000.001  000.001: sourcing nvim_exec2() called at ColorScheme Autocommands for "*":0
201.463  000.001  000.001: sourcing nvim_exec2() called at ColorScheme Autocommands for "*":0
201.477  000.003  000.003: sourcing nvim_exec2() called at ColorScheme Autocommands for "*":0
201.509  000.002  000.002: sourcing nvim_exec2() called at ColorScheme Autocommands for "*":0
201.515  000.001  000.001: sourcing nvim_exec2() called at ColorScheme Autocommands for "*":0
201.521  000.002  000.002: sourcing nvim_exec2() called at ColorScheme Autocommands for "*":0
201.526  000.001  000.001: sourcing nvim_exec2() called at ColorScheme Autocommands for "*":0
201.534  000.001  000.001: sourcing nvim_exec2() called at ColorScheme Autocommands for "*":0
201.545  000.001  000.001: sourcing nvim_exec2() called at ColorScheme Autocommands for "*":0
201.551  000.001  000.001: sourcing nvim_exec2() called at ColorScheme Autocommands for "*":0
201.557  000.001  000.001: sourcing nvim_exec2() called at ColorScheme Autocommands for "*":0
201.561  000.001  000.001: sourcing nvim_exec2() called at ColorScheme Autocommands for "*":0
201.567  000.001  000.001: sourcing nvim_exec2() called at ColorScheme Autocommands for "*":0
201.571  000.001  000.001: sourcing nvim_exec2() called at ColorScheme Autocommands for "*":0
201.578  000.001  000.001: sourcing nvim_exec2() called at ColorScheme Autocommands for "*":0
201.599  000.002  000.002: sourcing nvim_exec2() called at ColorScheme Autocommands for "*":0
201.605  000.001  000.001: sourcing nvim_exec2() called at ColorScheme Autocommands for "*":0
201.616  000.007  000.007: sourcing nvim_exec2() called at ColorScheme Autocommands for "*":0
201.665  000.003  000.003: sourcing nvim_exec2() called at ColorScheme Autocommands for "*":0
201.670  000.002  000.002: sourcing nvim_exec2() called at ColorScheme Autocommands for "*":0
201.720  000.003  000.003: sourcing nvim_exec2() called at ColorScheme Autocommands for "*":0
201.725  000.001  000.001: sourcing nvim_exec2() called at ColorScheme Autocommands for "*":0
201.736  000.001  000.001: sourcing nvim_exec2() called at ColorScheme Autocommands for "*":0
201.741  000.001  000.001: sourcing nvim_exec2() called at ColorScheme Autocommands for "*":0
201.747  000.001  000.001: sourcing nvim_exec2() called at ColorScheme Autocommands for "*":0
201.753  000.001  000.001: sourcing nvim_exec2() called at ColorScheme Autocommands for "*":0
201.770  000.001  000.001: sourcing nvim_exec2() called at ColorScheme Autocommands for "*":0
201.777  000.002  000.002: sourcing nvim_exec2() called at ColorScheme Autocommands for "*":0
201.781  000.001  000.001: sourcing nvim_exec2() called at ColorScheme Autocommands for "*":0
201.787  000.001  000.001: sourcing nvim_exec2() called at ColorScheme Autocommands for "*":0
201.791  000.001  000.001: sourcing nvim_exec2() called at ColorScheme Autocommands for "*":0
201.812  000.001  000.001: sourcing nvim_exec2() called at ColorScheme Autocommands for "*":0
201.820  000.001  000.001: sourcing nvim_exec2() called at ColorScheme Autocommands for "*":0
201.824  000.001  000.001: sourcing nvim_exec2() called at ColorScheme Autocommands for "*":0
201.831  000.001  000.001: sourcing nvim_exec2() called at ColorScheme Autocommands for "*":0
201.835  000.001  000.001: sourcing nvim_exec2() called at ColorScheme Autocommands for "*":0
201.840  000.001  000.001: sourcing nvim_exec2() called at ColorScheme Autocommands for "*":0
201.849  000.001  000.001: sourcing nvim_exec2() called at ColorScheme Autocommands for "*":0
201.855  000.001  000.001: sourcing nvim_exec2() called at ColorScheme Autocommands for "*":0
201.860  000.001  000.001: sourcing nvim_exec2() called at ColorScheme Autocommands for "*":0
201.865  000.001  000.001: sourcing nvim_exec2() called at ColorScheme Autocommands for "*":0
201.896  000.005  000.005: sourcing nvim_exec2() called at ColorScheme Autocommands for "*":0
201.902  000.002  000.002: sourcing nvim_exec2() called at ColorScheme Autocommands for "*":0
201.905  000.001  000.001: sourcing nvim_exec2() called at ColorScheme Autocommands for "*":0
201.945  000.004  000.004: sourcing nvim_exec2() called at ColorScheme Autocommands for "*":0
201.989  000.003  000.003: sourcing nvim_exec2() called at ColorScheme Autocommands for "*":0
202.014  000.001  000.001: sourcing nvim_exec2() called at ColorScheme Autocommands for "*":0
202.020  000.001  000.001: sourcing nvim_exec2() called at ColorScheme Autocommands for "*":0
202.025  000.001  000.001: sourcing nvim_exec2() called at ColorScheme Autocommands for "*":0
202.029  000.001  000.001: sourcing nvim_exec2() called at ColorScheme Autocommands for "*":0
202.033  000.001  000.001: sourcing nvim_exec2() called at ColorScheme Autocommands for "*":0
202.039  000.001  000.001: sourcing nvim_exec2() called at ColorScheme Autocommands for "*":0
202.044  000.001  000.001: sourcing nvim_exec2() called at ColorScheme Autocommands for "*":0
202.050  000.001  000.001: sourcing nvim_exec2() called at ColorScheme Autocommands for "*":0
202.053  000.001  000.001: sourcing nvim_exec2() called at ColorScheme Autocommands for "*":0
202.057  000.001  000.001: sourcing nvim_exec2() called at ColorScheme Autocommands for "*":0
202.062  000.001  000.001: sourcing nvim_exec2() called at ColorScheme Autocommands for "*":0
202.067  000.001  000.001: sourcing nvim_exec2() called at ColorScheme Autocommands for "*":0
202.098  000.002  000.002: sourcing nvim_exec2() called at ColorScheme Autocommands for "*":0
202.104  000.001  000.001: sourcing nvim_exec2() called at ColorScheme Autocommands for "*":0
202.110  000.001  000.001: sourcing nvim_exec2() called at ColorScheme Autocommands for "*":0
202.114  000.001  000.001: sourcing nvim_exec2() called at ColorScheme Autocommands for "*":0
202.118  000.001  000.001: sourcing nvim_exec2() called at ColorScheme Autocommands for "*":0
202.125  000.001  000.001: sourcing nvim_exec2() called at ColorScheme Autocommands for "*":0
202.130  000.001  000.001: sourcing nvim_exec2() called at ColorScheme Autocommands for "*":0
202.137  000.001  000.001: sourcing nvim_exec2() called at ColorScheme Autocommands for "*":0
202.145  000.001  000.001: sourcing nvim_exec2() called at ColorScheme Autocommands for "*":0
202.153  000.001  000.001: sourcing nvim_exec2() called at ColorScheme Autocommands for "*":0
202.157  000.001  000.001: sourcing nvim_exec2() called at ColorScheme Autocommands for "*":0
202.162  000.001  000.001: sourcing nvim_exec2() called at ColorScheme Autocommands for "*":0
202.167  000.001  000.001: sourcing nvim_exec2() called at ColorScheme Autocommands for "*":0
202.189  000.001  000.001: sourcing nvim_exec2() called at ColorScheme Autocommands for "*":0
202.195  000.001  000.001: sourcing nvim_exec2() called at ColorScheme Autocommands for "*":0
202.326  000.004  000.004: sourcing nvim_exec2() called at ColorScheme Autocommands for "*":0
202.357  000.002  000.002: sourcing nvim_exec2() called at ColorScheme Autocommands for "*":0
202.373  000.001  000.001: sourcing nvim_exec2() called at ColorScheme Autocommands for "*":0
202.389  000.001  000.001: sourcing nvim_exec2() called at ColorScheme Autocommands for "*":0
202.402  000.001  000.001: sourcing nvim_exec2() called at ColorScheme Autocommands for "*":0
202.438  000.002  000.002: sourcing nvim_exec2() called at ColorScheme Autocommands for "*":0
202.444  000.001  000.001: sourcing nvim_exec2() called at ColorScheme Autocommands for "*":0
202.537  000.012  000.012: sourcing nvim_exec2() called at ColorScheme Autocommands for "*":0
202.553  000.004  000.004: sourcing nvim_exec2() called at ColorScheme Autocommands for "*":0
202.564  000.009  000.009: sourcing nvim_exec2() called at ColorScheme Autocommands for "*":0
202.571  000.004  000.004: sourcing nvim_exec2() called at ColorScheme Autocommands for "*":0
202.575  000.003  000.003: sourcing nvim_exec2() called at ColorScheme Autocommands for "*":0
202.642  000.002  000.002: sourcing nvim_exec2() called at ColorScheme Autocommands for "*":0
202.645  000.001  000.001: sourcing nvim_exec2() called at ColorScheme Autocommands for "*":0
202.647  000.001  000.001: sourcing nvim_exec2() called at ColorScheme Autocommands for "*":0
202.650  000.001  000.001: sourcing nvim_exec2() called at ColorScheme Autocommands for "*":0
202.657  000.002  000.002: sourcing nvim_exec2() called at ColorScheme Autocommands for "*":0
202.660  000.001  000.001: sourcing nvim_exec2() called at ColorScheme Autocommands for "*":0
202.663  000.001  000.001: sourcing nvim_exec2() called at ColorScheme Autocommands for "*":0
202.665  000.001  000.001: sourcing nvim_exec2() called at ColorScheme Autocommands for "*":0
202.668  000.001  000.001: sourcing nvim_exec2() called at ColorScheme Autocommands for "*":0
202.671  000.001  000.001: sourcing nvim_exec2() called at ColorScheme Autocommands for "*":0
202.703  000.002  000.002: sourcing nvim_exec2() called at ColorScheme Autocommands for "*":0
202.707  000.001  000.001: sourcing nvim_exec2() called at ColorScheme Autocommands for "*":0
202.712  000.001  000.001: sourcing nvim_exec2() called at ColorScheme Autocommands for "*":0
202.715  000.001  000.001: sourcing nvim_exec2() called at ColorScheme Autocommands for "*":0
202.717  000.001  000.001: sourcing nvim_exec2() called at ColorScheme Autocommands for "*":0
202.720  000.001  000.001: sourcing nvim_exec2() called at ColorScheme Autocommands for "*":0
202.723  000.001  000.001: sourcing nvim_exec2() called at ColorScheme Autocommands for "*":0
202.725  000.001  000.001: sourcing nvim_exec2() called at ColorScheme Autocommands for "*":0
202.727  000.001  000.001: sourcing nvim_exec2() called at ColorScheme Autocommands for "*":0
202.731  000.001  000.001: sourcing nvim_exec2() called at ColorScheme Autocommands for "*":0
202.734  000.001  000.001: sourcing nvim_exec2() called at ColorScheme Autocommands for "*":0
202.736  000.001  000.001: sourcing nvim_exec2() called at ColorScheme Autocommands for "*":0
202.769  000.002  000.002: sourcing nvim_exec2() called at ColorScheme Autocommands for "*":0
202.849  196.742  005.710: sourcing /root/.config/nvim/init.lua
202.856  000.101: sourcing vimrc file(s)
203.059  000.051  000.051: sourcing /usr/share/nvim/runtime/filetype.lua
204.163  000.402  000.402: sourcing /usr/share/nvim/runtime/syntax/synload.vim
204.225  001.133  000.731: sourcing /usr/share/nvim/runtime/syntax/syntax.vim
204.238  000.198: inits 3
205.872  001.634: reading ShaDa
205.956  000.085: opening buffers
206.244  000.288: BufEnter autocommands
206.248  000.004: editing files in windows
207.135  000.619  000.619: sourcing /usr/share/nvim/runtime/autoload/provider/clipboard.vim
207.173  000.008  000.008: sourcing nvim_exec2() called at nvim_exec2() called at VimEnter Autocommands for "*":0:1
207.253  000.071  000.071: sourcing nvim_exec2() called at nvim_exec2() called at VimEnter Autocommands for "*":0:1
209.308  003.016  002.318: sourcing nvim_exec2() called at VimEnter Autocommands for "*":0
209.323  000.059: VimEnter autocommands
209.437  000.114: UIEnter autocommands
209.439  000.003: before starting main loop
210.625  000.004  000.004: sourcing nvim_exec2() called at CursorMoved Autocommands for "*":0
210.647  000.001  000.001: sourcing nvim_exec2() called at CursorMoved Autocommands for "*":0
212.505  000.476  000.476: require('undo-glow.color')
212.516  001.020  000.544: require('undo-glow.config')
213.479  000.962  000.962: require('undo-glow.easing')
214.352  000.869  000.869: require('undo-glow.animation')
214.506  003.814  000.963: require('undo-glow')
215.201  000.430  000.430: require('undo-glow.highlight')
215.345  005.901  001.652: require('undo-glow')
215.957  000.610  000.610: require('undo-glow.commands')
216.720  000.741  000.741: require('undo-glow.utils')
217.148  000.456: first screen update
217.150  000.002: --- NVIM STARTED ---

--- Startup times for process: Primary (or UI client) ---

times in msec
 clock   self+sourced   self:  sourced script
 clock   elapsed:              other lines

000.000  000.000: --- NVIM STARTING ---
000.128  000.128: event init
000.194  000.066: early init
000.245  000.050: locale set
000.274  000.029: init first window
000.536  000.262: inits 1
000.541  000.006: window checked
000.543  000.002: parsing arguments
000.987  000.042  000.042: require('vim.shared')
001.059  000.034  000.034: require('vim.inspect')
001.089  000.024  000.024: require('vim._options')
001.090  000.099  000.041: require('vim._editor')
001.090  000.164  000.023: require('vim._init_packages')
001.092  000.385: init lua interpreter
002.518  001.427: nvim_ui_attach
002.790  000.272: nvim_set_client_info
002.793  000.002: --- NVIM STARTED ---

--- Startup times for process: Embedded ---

times in msec
 clock   self+sourced   self:  sourced script
 clock   elapsed:              other lines

000.000  000.000: --- NVIM STARTING ---
000.104  000.104: event init
000.172  000.068: early init
000.205  000.032: locale set
000.231  000.027: init first window
000.492  000.261: inits 1
000.499  000.007: window checked
000.502  000.003: parsing arguments
000.833  000.026  000.026: require('vim.shared')
000.888  000.023  000.023: require('vim.inspect')
000.916  000.023  000.023: require('vim._options')
000.917  000.081  000.035: require('vim._editor')
000.918  000.124  000.017: require('vim._init_packages')
000.919  000.293: init lua interpreter
000.958  000.039: expanding arguments
000.972  000.014: inits 2
001.218  000.246: init highlight
001.219  000.001: waiting for UI
001.299  000.080: done waiting for UI
001.304  000.006: clear screen
001.420  000.029  000.029: require('vim.keymap')
002.021  000.087  000.087: sourcing nvim_exec2()
002.409  000.320  000.320: require('vim.termcap')
002.490  000.048  000.048: require('vim.text')
002.630  001.323  000.839: require('vim._defaults')
002.632  000.004: init default mappings & autocommands
002.687  000.033  000.033: sourcing /usr/share/nvim/runtime/ftplugin.vim
002.719  000.014  000.014: sourcing /usr/share/nvim/runtime/indent.vim
002.783  000.041  000.041: sourcing /usr/share/nvim/archlinux.lua
002.784  000.054  000.013: sourcing /etc/xdg/nvim/sysinit.vim
003.143  000.329  000.329: require('commands')
003.277  000.042  000.042: require('./utils')
003.280  000.097  000.055: require('functions')
003.433  000.288  000.192: require('mappings')
003.638  000.129  000.129: sourcing /usr/share/nvim/runtime/syntax/nosyntax.vim
003.642  000.151  000.022: sourcing nvim_exec2() called at /root/.config/nvim/init.lua:0
004.080  000.070  000.070: sourcing /usr/share/vim/vimfiles/ftdetect/task.vim
004.093  000.223  000.153: sourcing nvim_exec2() called at /usr/share/nvim/runtime/filetype.lua:0
004.097  000.351  000.128: sourcing /usr/share/nvim/runtime/filetype.lua
004.555  000.023  000.023: sourcing /usr/share/nvim/runtime/ftplugin.vim
005.042  000.006  000.006: sourcing /usr/share/nvim/runtime/indent.vim
005.047  001.331  000.951: sourcing nvim_exec2() called at /root/.config/nvim/init.lua:0
005.088  000.020  000.020: require('vim.fs')
005.151  000.061  000.061: require('vim.uri')
005.160  000.108  000.028: require('vim.loader')
005.178  001.743  000.153: require('options')
005.511  000.059  000.059: require('vim.lsp.log')
005.997  000.484  000.484: require('vim.lsp.protocol')
006.343  000.342  000.342: require('vim.lsp.util')
006.424  000.027  000.027: require('vim.lsp.sync')
006.428  000.080  000.053: require('vim.lsp._changetracking')
006.552  000.077  000.077: require('vim.lsp._transport')
006.568  000.138  000.061: require('vim.lsp.rpc')
006.591  001.342  000.238: require('vim.lsp')
006.607  001.428  000.086: require('lsp')
007.073  000.302  000.302: require('lazy')
007.117  000.042  000.042: require('lazy_config')
007.134  000.009  000.009: require('ffi')
007.162  000.026  000.026: require('lazy.stats')
007.230  000.054  000.054: require('lazy.core.util')
007.325  000.094  000.094: require('lazy.core.config')
007.411  000.029  000.029: require('lazy.core.handler')
007.678  000.064  000.064: require('lazy.pkg')
007.684  000.205  000.142: require('lazy.core.meta')
007.687  000.275  000.069: require('lazy.core.plugin')
007.692  000.366  000.062: require('lazy.core.loader')
007.932  000.071  000.071: require('lazy.core.fragments')
008.979  000.046  000.046: require('lazy.core.handler.event')
008.982  000.098  000.052: require('lazy.core.handler.ft')
009.019  000.035  000.035: require('lazy.core.handler.cmd')
009.084  000.064  000.064: require('lazy.core.handler.keys')
009.423  000.003  000.003: sourcing nvim_exec2() called at /root/.config/nvim/init.lua:0
009.434  000.001  000.001: sourcing nvim_exec2() called at /root/.config/nvim/init.lua:0
009.755  000.033  000.033: sourcing /usr/share/nvim/runtime/filetype.lua
009.758  000.050  000.017: sourcing nvim_exec2() called at /root/.config/nvim/init.lua:0
009.905  000.002  000.002: sourcing nvim_exec2() called at /root/.config/nvim/init.lua:0
009.912  000.001  000.001: sourcing nvim_exec2() called at /root/.config/nvim/init.lua:0
010.733  000.180  000.180: require('nvim-treesitter.utils')
011.312  000.026  000.026: require('vim.treesitter.language')
011.330  000.015  000.015: require('vim.func')
011.351  000.019  000.019: require('vim.func._memoize')
011.366  000.172  000.112: require('vim.treesitter.query')
011.387  000.020  000.020: require('vim.treesitter._range')
011.394  000.261  000.069: require('vim.treesitter.languagetree')
011.398  000.411  000.150: require('vim.treesitter')
011.703  000.967  000.556: require('nvim-treesitter.parsers')
012.029  000.067  000.067: require('nvim-treesitter.compat')
012.143  000.051  000.051: require('nvim-treesitter.ts_utils')
012.146  000.115  000.063: require('nvim-treesitter.tsrange')
012.185  000.038  000.038: require('nvim-treesitter.caching')
012.193  000.326  000.107: require('nvim-treesitter.query')
012.205  000.463  000.137: require('nvim-treesitter.configs')
012.210  000.505  000.042: require('nvim-treesitter.info')
012.271  000.061  000.061: require('nvim-treesitter.shell_command_selectors')
012.317  001.928  000.215: require('nvim-treesitter.install')
012.355  000.036  000.036: require('nvim-treesitter.statusline')
012.399  000.043  000.043: require('nvim-treesitter.query_predicates')
012.400  002.256  000.250: require('nvim-treesitter')
012.471  000.068  000.068: require('vim.iter')
013.057  002.946  000.622: sourcing /root/.local/share/nvim/lazy/nvim-treesitter/plugin/nvim-treesitter.lua
013.062  002.963  000.018: sourcing nvim_exec2() called at /root/.config/nvim/init.lua:0
013.073  000.001  000.001: sourcing nvim_exec2() called at /root/.config/nvim/init.lua:0
013.084  000.001  000.001: sourcing nvim_exec2() called at /root/.config/nvim/init.lua:0
013.671  000.099  000.099: require('nvim-treesitter.indent')
013.778  000.084  000.084: require('nvim-treesitter.highlight')
013.784  000.695  000.511: require('plugins.configs.treesitter')
013.916  000.041  000.041: sourcing /root/.local/share/nvim/lazy/nvim-web-devicons/plugin/nvim-web-devicons.vim
013.920  000.070  000.029: sourcing nvim_exec2() called at /root/.config/nvim/init.lua:0
013.925  000.001  000.001: sourcing nvim_exec2() called at /root/.config/nvim/init.lua:0
013.935  000.001  000.001: sourcing nvim_exec2() called at /root/.config/nvim/init.lua:0
014.582  000.083  000.083: require('nvim-web-devicons.filetypes')
014.606  000.005  000.005: require('vim.F')
014.943  000.279  000.279: require('nvim-web-devicons.default.icons_by_filename')
015.658  000.712  000.712: require('nvim-web-devicons.default.icons_by_file_extension')
015.716  000.055  000.055: require('nvim-web-devicons.default.icons_by_operating_system')
015.739  000.022  000.022: require('nvim-web-devicons.default.icons_by_desktop_environment')
015.761  000.021  000.021: require('nvim-web-devicons.default.icons_by_window_manager')
015.762  001.148  000.059: require('nvim-web-devicons.icons-default')
015.954  002.017  000.780: require('nvim-web-devicons')
017.506  000.004  000.004: sourcing nvim_exec2() called at /root/.config/nvim/init.lua:0
017.513  000.001  000.001: sourcing nvim_exec2() called at /root/.config/nvim/init.lua:0
017.598  000.074  000.074: require('aerial')
017.936  000.130  000.130: sourcing /root/.local/share/nvim/lazy/telescope.nvim/plugin/telescope.lua
017.941  000.162  000.031: sourcing nvim_exec2() called at /root/.config/nvim/init.lua:0
017.946  000.002  000.002: sourcing nvim_exec2() called at /root/.config/nvim/init.lua:0
017.954  000.001  000.001: sourcing nvim_exec2() called at /root/.config/nvim/init.lua:0
018.096  000.021  000.021: require('telescope._extensions')
018.098  000.115  000.094: require('telescope')
018.446  000.018  000.018: sourcing /root/.local/share/nvim/lazy/plenary.nvim/plugin/plenary.vim
018.449  000.035  000.018: sourcing nvim_exec2() called at /root/.config/nvim/init.lua:0
018.454  000.002  000.002: sourcing nvim_exec2() called at /root/.config/nvim/init.lua:0
018.502  000.002  000.002: sourcing nvim_exec2() called at /root/.config/nvim/init.lua:0
018.674  000.031  000.031: require('plenary.bit')
018.699  000.023  000.023: require('plenary.functional')
018.719  000.182  000.127: require('plenary.path')
018.729  000.543  000.323: require('plenary.strings')
018.930  000.111  000.111: require('plenary.log')
018.972  000.201  000.090: require('telescope.log')
019.105  000.021  000.021: require('plenary.compat')
019.110  000.073  000.053: require('plenary.job')
019.131  000.020  000.020: require('telescope.state')
019.164  000.028  000.028: require('vim.hl')
019.172  000.198  000.077: require('telescope.utils')
019.176  000.446  000.047: require('telescope.sorters')
020.518  002.366  001.377: require('telescope.config')
020.664  000.054  000.054: require('telescope.config.resolve')
020.668  000.145  000.091: require('telescope.pickers.entry_display')
021.003  000.279  000.279: require('telescope.make_entry')
021.367  000.035  000.035: require('plenary.tbl')
021.370  000.067  000.032: require('plenary.vararg.rotate')
021.371  000.104  000.038: require('plenary.vararg')
021.400  000.028  000.028: require('plenary.errors')
021.404  000.190  000.057: require('plenary.async.async')
021.635  000.049  000.049: require('plenary.async.structs')
021.641  000.134  000.085: require('plenary.async.control')
021.645  000.184  000.050: require('plenary.async.util')
021.649  000.243  000.059: require('plenary.async.tests')
021.650  000.527  000.094: require('plenary.async')
021.651  000.644  000.118: require('telescope.finders.async_static_finder')
021.780  000.047  000.047: require('plenary.class')
021.788  000.098  000.051: require('telescope._')
021.790  000.138  000.039: require('telescope.finders.async_oneshot_finder')
021.821  000.031  000.031: require('telescope.finders.async_job_finder')
021.827  001.158  000.066: require('telescope.finders')
022.215  000.075  000.075: require('plenary.window.border')
022.253  000.036  000.036: require('plenary.window')
022.279  000.025  000.025: require('plenary.popup.utils')
022.281  000.278  000.142: require('plenary.popup')
022.673  000.110  000.110: require('telescope.pickers.scroller')
022.708  000.033  000.033: require('telescope.actions.state')
022.777  000.067  000.067: require('telescope.actions.utils')
023.230  000.212  000.212: require('telescope.actions.mt')
023.293  000.516  000.304: require('telescope.actions.set')
023.361  000.066  000.066: require('telescope.from_entry')
023.932  001.650  000.857: require('telescope.actions')
023.970  000.037  000.037: require('telescope.debounce')
024.016  000.044  000.044: require('telescope.mappings')
024.039  000.023  000.023: require('telescope.pickers.highlights')
024.057  000.017  000.017: require('telescope.pickers.window')
024.076  000.017  000.017: require('telescope.pickers.layout')
024.113  000.018  000.018: require('telescope.algos.linked_list')
024.115  000.038  000.020: require('telescope.entry_manager')
024.132  000.017  000.017: require('telescope.pickers.multi')
024.141  002.314  000.193: require('telescope.pickers')
024.143  006.044  000.061: require('telescope._extensions.aerial')
024.856  006.900  000.740: require('plugins.configs.telescope')
024.995  000.031  000.031: sourcing /root/.local/share/nvim/lazy/nvim-scissors/plugin/ex-commands.lua
024.999  000.058  000.027: sourcing nvim_exec2() called at /root/.config/nvim/init.lua:0
025.004  000.002  000.002: sourcing nvim_exec2() called at /root/.config/nvim/init.lua:0
025.011  000.001  000.001: sourcing nvim_exec2() called at /root/.config/nvim/init.lua:0
025.189  000.002  000.002: sourcing nvim_exec2() called at /root/.config/nvim/init.lua:0
025.194  000.001  000.001: sourcing nvim_exec2() called at /root/.config/nvim/init.lua:0
025.264  000.046  000.046: sourcing /root/.local/share/nvim/lazy/neo-tree.nvim/plugin/neo-tree.lua
025.266  000.059  000.014: sourcing nvim_exec2() called at /root/.config/nvim/init.lua:0
025.269  000.001  000.001: sourcing nvim_exec2() called at /root/.config/nvim/init.lua:0
025.274  000.001  000.001: sourcing nvim_exec2() called at /root/.config/nvim/init.lua:0
025.345  000.001  000.001: sourcing nvim_exec2() called at /root/.config/nvim/init.lua:0
025.349  000.000  000.000: sourcing nvim_exec2() called at /root/.config/nvim/init.lua:0
025.670  000.027  000.027: require('lualine_require')
025.865  000.485  000.458: require('lualine')
026.092  000.010  000.010: sourcing nvim_exec2() called at /root/.config/nvim/init.lua:0
026.454  000.100  000.100: require('lualine.highlight')
026.820  000.008  000.008: sourcing nvim_exec2() called at /root/.config/nvim/init.lua:0
026.830  000.002  000.002: sourcing nvim_exec2() called at /root/.config/nvim/init.lua:0
026.835  000.001  000.001: sourcing nvim_exec2() called at /root/.config/nvim/init.lua:0
026.856  000.002  000.002: sourcing nvim_exec2() called at /root/.config/nvim/init.lua:0
026.875  000.002  000.002: sourcing nvim_exec2() called at /root/.config/nvim/init.lua:0
026.880  000.001  000.001: sourcing nvim_exec2() called at /root/.config/nvim/init.lua:0
026.968  000.002  000.002: sourcing nvim_exec2() called at /root/.config/nvim/init.lua:0
026.974  000.001  000.001: sourcing nvim_exec2() called at /root/.config/nvim/init.lua:0
026.978  000.001  000.001: sourcing nvim_exec2() called at /root/.config/nvim/init.lua:0
026.981  000.001  000.001: sourcing nvim_exec2() called at /root/.config/nvim/init.lua:0
026.985  000.002  000.002: sourcing nvim_exec2() called at /root/.config/nvim/init.lua:0
026.988  000.001  000.001: sourcing nvim_exec2() called at /root/.config/nvim/init.lua:0
026.991  000.001  000.001: sourcing nvim_exec2() called at /root/.config/nvim/init.lua:0
026.996  000.002  000.002: sourcing nvim_exec2() called at /root/.config/nvim/init.lua:0
027.000  000.002  000.002: sourcing nvim_exec2() called at /root/.config/nvim/init.lua:0
027.002  000.001  000.001: sourcing nvim_exec2() called at /root/.config/nvim/init.lua:0
027.006  000.001  000.001: sourcing nvim_exec2() called at /root/.config/nvim/init.lua:0
027.010  000.001  000.001: sourcing nvim_exec2() called at /root/.config/nvim/init.lua:0
027.012  000.001  000.001: sourcing nvim_exec2() called at /root/.config/nvim/init.lua:0
027.016  000.001  000.001: sourcing nvim_exec2() called at /root/.config/nvim/init.lua:0
027.019  000.001  000.001: sourcing nvim_exec2() called at /root/.config/nvim/init.lua:0
027.022  000.001  000.001: sourcing nvim_exec2() called at /root/.config/nvim/init.lua:0
027.031  000.007  000.007: sourcing nvim_exec2() called at /root/.config/nvim/init.lua:0
027.621  000.005  000.005: sourcing nvim_exec2() called at /root/.config/nvim/init.lua:0
027.627  000.002  000.002: sourcing nvim_exec2() called at /root/.config/nvim/init.lua:0
027.631  000.001  000.001: sourcing nvim_exec2() called at /root/.config/nvim/init.lua:0
027.635  000.001  000.001: sourcing nvim_exec2() called at /root/.config/nvim/init.lua:0
027.638  000.001  000.001: sourcing nvim_exec2() called at /root/.config/nvim/init.lua:0
027.643  000.001  000.001: sourcing nvim_exec2() called at /root/.config/nvim/init.lua:0
027.671  000.002  000.002: sourcing nvim_exec2() called at /root/.config/nvim/init.lua:0
027.908  000.006  000.006: sourcing nvim_exec2() called at /root/.config/nvim/init.lua:0
027.914  000.003  000.003: sourcing nvim_exec2() called at /root/.config/nvim/init.lua:0
028.013  000.004  000.004: sourcing nvim_exec2() called at /root/.config/nvim/init.lua:0
028.017  000.001  000.001: sourcing nvim_exec2() called at /root/.config/nvim/init.lua:0
028.022  000.002  000.002: sourcing nvim_exec2() called at /root/.config/nvim/init.lua:0
028.041  000.001  000.001: sourcing nvim_exec2() called at /root/.config/nvim/init.lua:0
028.052  000.001  000.001: sourcing nvim_exec2() called at /root/.config/nvim/init.lua:0
028.062  000.001  000.001: sourcing nvim_exec2() called at /root/.config/nvim/init.lua:0
028.071  000.001  000.001: sourcing nvim_exec2() called at /root/.config/nvim/init.lua:0
028.097  000.002  000.002: sourcing nvim_exec2() called at /root/.config/nvim/init.lua:0
028.133  000.002  000.002: sourcing nvim_exec2() called at /root/.config/nvim/init.lua:0
028.155  000.001  000.001: sourcing nvim_exec2() called at /root/.config/nvim/init.lua:0
028.170  000.002  000.002: sourcing nvim_exec2() called at /root/.config/nvim/init.lua:0
028.182  000.001  000.001: sourcing nvim_exec2() called at /root/.config/nvim/init.lua:0
028.193  000.001  000.001: sourcing nvim_exec2() called at /root/.config/nvim/init.lua:0
028.209  000.002  000.002: sourcing nvim_exec2() called at /root/.config/nvim/init.lua:0
028.221  000.002  000.002: sourcing nvim_exec2() called at /root/.config/nvim/init.lua:0
028.225  000.001  000.001: sourcing nvim_exec2() called at /root/.config/nvim/init.lua:0
028.228  000.001  000.001: sourcing nvim_exec2() called at /root/.config/nvim/init.lua:0
028.231  000.001  000.001: sourcing nvim_exec2() called at /root/.config/nvim/init.lua:0
028.235  000.001  000.001: sourcing nvim_exec2() called at /root/.config/nvim/init.lua:0
028.239  000.001  000.001: sourcing nvim_exec2() called at /root/.config/nvim/init.lua:0
028.242  000.001  000.001: sourcing nvim_exec2() called at /root/.config/nvim/init.lua:0
028.319  000.005  000.005: sourcing nvim_exec2() called at /root/.config/nvim/init.lua:0
028.323  000.001  000.001: sourcing nvim_exec2() called at /root/.config/nvim/init.lua:0
028.326  000.001  000.001: sourcing nvim_exec2() called at /root/.config/nvim/init.lua:0
028.330  000.003  000.003: sourcing nvim_exec2() called at /root/.config/nvim/init.lua:0
028.648  000.005  000.005: sourcing nvim_exec2() called at /root/.config/nvim/init.lua:0
028.653  000.001  000.001: sourcing nvim_exec2() called at /root/.config/nvim/init.lua:0
028.657  000.002  000.002: sourcing nvim_exec2() called at /root/.config/nvim/init.lua:0
028.661  000.001  000.001: sourcing nvim_exec2() called at /root/.config/nvim/init.lua:0
028.664  000.001  000.001: sourcing nvim_exec2() called at /root/.config/nvim/init.lua:0
028.667  000.001  000.001: sourcing nvim_exec2() called at /root/.config/nvim/init.lua:0
028.670  000.001  000.001: sourcing nvim_exec2() called at /root/.config/nvim/init.lua:0
028.676  000.002  000.002: sourcing nvim_exec2() called at /root/.config/nvim/init.lua:0
028.681  000.001  000.001: sourcing nvim_exec2() called at /root/.config/nvim/init.lua:0
028.685  000.001  000.001: sourcing nvim_exec2() called at /root/.config/nvim/init.lua:0
028.689  000.002  000.002: sourcing nvim_exec2() called at /root/.config/nvim/init.lua:0
028.692  000.001  000.001: sourcing nvim_exec2() called at /root/.config/nvim/init.lua:0
028.695  000.001  000.001: sourcing nvim_exec2() called at /root/.config/nvim/init.lua:0
028.698  000.001  000.001: sourcing nvim_exec2() called at /root/.config/nvim/init.lua:0
028.703  000.002  000.002: sourcing nvim_exec2() called at /root/.config/nvim/init.lua:0
028.706  000.001  000.001: sourcing nvim_exec2() called at /root/.config/nvim/init.lua:0
028.709  000.001  000.001: sourcing nvim_exec2() called at /root/.config/nvim/init.lua:0
028.712  000.001  000.001: sourcing nvim_exec2() called at /root/.config/nvim/init.lua:0
028.715  000.001  000.001: sourcing nvim_exec2() called at /root/.config/nvim/init.lua:0
028.719  000.001  000.001: sourcing nvim_exec2() called at /root/.config/nvim/init.lua:0
028.722  000.001  000.001: sourcing nvim_exec2() called at /root/.config/nvim/init.lua:0
028.726  000.001  000.001: sourcing nvim_exec2() called at /root/.config/nvim/init.lua:0
028.741  000.013  000.013: sourcing nvim_exec2() called at /root/.config/nvim/init.lua:0
028.763  000.002  000.002: sourcing nvim_exec2() called at /root/.config/nvim/init.lua:0
028.790  000.002  000.002: sourcing nvim_exec2() called at /root/.config/nvim/init.lua:0
028.794  000.001  000.001: sourcing nvim_exec2() called at /root/.config/nvim/init.lua:0
028.798  000.001  000.001: sourcing nvim_exec2() called at /root/.config/nvim/init.lua:0
028.801  000.001  000.001: sourcing nvim_exec2() called at /root/.config/nvim/init.lua:0
028.853  000.029  000.029: require('lualine.utils.mode')
028.931  000.009  000.009: sourcing nvim_exec2() called at /root/.config/nvim/init.lua:0
028.955  000.004  000.004: sourcing nvim_exec2() called at /root/.config/nvim/init.lua:0
028.964  000.007  000.007: sourcing nvim_exec2() called at /root/.config/nvim/init.lua:0
028.969  000.003  000.003: sourcing nvim_exec2() called at /root/.config/nvim/init.lua:0
028.973  000.002  000.002: sourcing nvim_exec2() called at /root/.config/nvim/init.lua:0
028.993  003.642  002.833: require('plugins.configs.lualine')
029.142  000.031  000.031: sourcing /root/.local/share/nvim/lazy/todo-comments.nvim/plugin/todo.vim
029.145  000.046  000.016: sourcing nvim_exec2() called at /root/.config/nvim/init.lua:0
029.150  000.001  000.001: sourcing nvim_exec2() called at /root/.config/nvim/init.lua:0
029.165  000.001  000.001: sourcing nvim_exec2() called at /root/.config/nvim/init.lua:0
029.491  000.020  000.020: require('todo-comments.util')
029.497  000.060  000.040: require('todo-comments.config')
029.558  000.044  000.044: require('todo-comments.highlight')
029.560  000.063  000.019: require('todo-comments.jump')
029.562  000.353  000.230: require('todo-comments')
029.571  000.398  000.045: require('plugins.configs.todo-comments')
029.607  000.003  000.003: sourcing nvim_exec2() called at /root/.config/nvim/init.lua:0
029.620  000.001  000.001: sourcing nvim_exec2() called at /root/.config/nvim/init.lua:0
029.848  000.200  000.200: require('ts-error-translator')
029.909  000.027  000.027: require('ts-error-translator.diagnostic')
029.992  000.039  000.039: require('vim.lsp.completion')
030.030  000.119  000.079: require('vim.lsp.handlers')
030.032  000.405  000.059: require('plugins.configs.ts-error-translator')
030.066  000.003  000.003: sourcing nvim_exec2() called at /root/.config/nvim/init.lua:0
030.090  000.001  000.001: sourcing nvim_exec2() called at /root/.config/nvim/init.lua:0
030.393  000.123  000.123: require('hardtime.config')
030.536  000.141  000.141: require('hardtime.log')
030.597  000.347  000.083: require('hardtime.util')
030.607  000.493  000.146: require('hardtime')
030.611  000.519  000.026: require('plugins.configs.hardtime')
030.748  000.051  000.051: sourcing /root/.local/share/nvim/lazy/smart-splits.nvim/plugin/init.lua
030.753  000.072  000.021: sourcing nvim_exec2() called at /root/.config/nvim/init.lua:0
031.061  000.041  000.041: require('smart-splits.types')
031.127  000.038  000.038: require('smart-splits.lazy')
031.137  000.071  000.033: require('smart-splits')
031.140  000.313  000.201: require('smart-splits.commands')
031.221  000.027  000.027: require('smart-splits.mux.utils')
031.226  000.066  000.039: require('smart-splits.config')
031.295  000.023  000.023: require('smart-splits.log.file')
031.321  000.022  000.022: require('smart-splits.log.async')
031.328  000.094  000.049: require('smart-splits.log')
031.416  000.033  000.033: require('smart-splits.mux')
031.450  000.032  000.032: require('smart-splits.mux.tmux')
031.479  000.020  000.020: require('smart-splits.utils')
031.529  000.040  000.040: require('vim._system')
038.574  007.770  007.172: sourcing /root/.local/share/nvim/lazy/smart-splits.nvim/plugin/smart-splits.lua
038.589  007.802  000.032: sourcing nvim_exec2() called at /root/.config/nvim/init.lua:0
038.614  000.007  000.007: sourcing nvim_exec2() called at /root/.config/nvim/init.lua:0
038.634  000.001  000.001: sourcing nvim_exec2() called at /root/.config/nvim/init.lua:0
038.805  000.164  000.164: require('plugins.configs.smart-splits')
038.975  000.004  000.004: sourcing nvim_exec2() called at /root/.config/nvim/init.lua:0
038.982  000.001  000.001: sourcing nvim_exec2() called at /root/.config/nvim/init.lua:0
039.307  000.054  000.054: require('notifier.config')
039.314  000.103  000.049: require('notifier.status')
039.317  000.329  000.226: require('notifier')
039.618  000.003  000.003: sourcing nvim_exec2() called at /root/.config/nvim/init.lua:0
039.626  000.002  000.002: sourcing nvim_exec2() called at /root/.config/nvim/init.lua:0
041.312  001.678  001.678: require('mini.icons')
041.441  000.004  000.004: sourcing nvim_exec2() called at /root/.config/nvim/init.lua:0
041.479  000.001  000.001: sourcing nvim_exec2() called at /root/.config/nvim/init.lua:0
041.797  000.221  000.221: require('oil')
041.912  000.112  000.112: require('oil.ringbuf')
042.007  000.094  000.094: require('oil.config')
043.500  001.364  001.364: require('vim.filetype')
043.988  000.066  000.066: require('oil.log')
043.998  000.153  000.088: require('oil.fs')
044.267  000.130  000.130: require('oil.constants')
044.303  000.304  000.174: require('oil.util')
044.418  000.003  000.003: sourcing nvim_exec2() called at /root/.config/nvim/init.lua:0
044.425  000.001  000.001: sourcing nvim_exec2() called at /root/.config/nvim/init.lua:0
046.468  002.004  002.004: require('boole')
046.548  002.120  000.117: require('plugins.configs.boole')
046.647  000.005  000.005: sourcing nvim_exec2() called at /root/.config/nvim/init.lua:0
046.660  000.001  000.001: sourcing nvim_exec2() called at /root/.config/nvim/init.lua:0
047.590  000.207  000.207: require('arrow.config')
047.821  000.224  000.224: require('arrow.utils')
047.978  000.030  000.030: require('arrow.git')
047.991  000.094  000.063: require('arrow.persist')
048.029  000.036  000.036: require('arrow.integration.icons')
048.033  000.210  000.080: require('arrow.ui')
048.123  000.046  000.046: require('arrow.json')
048.128  000.094  000.048: require('arrow.buffer_persist')
048.241  000.089  000.089: require('arrow.buffer_ui')
048.244  000.115  000.026: require('arrow.commands')
048.270  000.025  000.025: require('arrow.save_keys')
048.271  001.379  000.504: require('arrow')
048.282  000.007  000.007: sourcing nvim_exec2() called at /root/.config/nvim/init.lua:0
048.286  000.002  000.002: sourcing nvim_exec2() called at /root/.config/nvim/init.lua:0
048.288  000.001  000.001: sourcing nvim_exec2() called at /root/.config/nvim/init.lua:0
048.329  000.002  000.002: sourcing nvim_exec2() called at /root/.config/nvim/init.lua:0
048.533  001.870  000.479: require('plugins.configs.arrow')
048.662  000.057  000.057: sourcing /root/.local/share/nvim/lazy/nvim-colorizer.lua/plugin/colorizer.lua
048.665  000.081  000.025: sourcing nvim_exec2() called at /root/.config/nvim/init.lua:0
048.678  000.002  000.002: sourcing nvim_exec2() called at /root/.config/nvim/init.lua:0
048.689  000.001  000.001: sourcing nvim_exec2() called at /root/.config/nvim/init.lua:0
048.977  000.021  000.021: require('colorizer.color')
049.000  000.021  000.021: require('colorizer.constants')
049.062  000.036  000.036: require('colorizer.trie')
049.193  000.105  000.105: require('colorizer.utils')
049.197  000.134  000.029: require('colorizer.parser.names')
049.226  000.028  000.028: require('colorizer.parser.argb_hex')
049.247  000.020  000.020: require('colorizer.parser.hsl')
049.266  000.018  000.018: require('colorizer.parser.rgb')
049.286  000.018  000.018: require('colorizer.parser.rgba_hex')
049.304  000.018  000.018: require('colorizer.parser.oklch')
049.334  000.029  000.029: require('colorizer.sass')
049.471  000.136  000.136: require('colorizer.parser.xterm')
049.474  000.473  000.036: require('colorizer.matcher')
049.507  000.031  000.031: require('colorizer.tailwind')
049.509  000.587  000.041: require('colorizer.buffer')
049.555  000.045  000.045: require('colorizer.config')
049.564  000.847  000.216: require('colorizer')
049.751  000.027  000.027: require('colorizer.usercmds')
049.758  001.067  000.193: require('plugins.configs.colorizer')
050.017  000.184  000.184: require('trim.trimmer')
050.023  000.209  000.025: sourcing /root/.local/share/nvim/lazy/trim.nvim/plugin/trim.lua
050.025  000.225  000.017: sourcing nvim_exec2() called at /root/.config/nvim/init.lua:0
050.031  000.002  000.002: sourcing nvim_exec2() called at /root/.config/nvim/init.lua:0
050.037  000.001  000.001: sourcing nvim_exec2() called at /root/.config/nvim/init.lua:0
050.104  000.028  000.028: require('trim.config')
050.105  000.046  000.018: require('trim')
050.152  000.113  000.067: require('plugins.configs.trim')
050.567  000.019  000.019: require('nvim-ts-autotag._log')
050.588  000.019  000.019: require('nvim-ts-autotag.config.init')
050.665  000.022  000.022: require('nvim-ts-autotag.utils')
050.667  000.043  000.021: require('nvim-ts-autotag.config.ft')
050.668  000.080  000.036: require('nvim-ts-autotag.config.plugin')
050.672  000.166  000.048: require('nvim-ts-autotag.internal')
050.674  000.434  000.268: require('nvim-ts-autotag')
050.685  000.465  000.031: sourcing /root/.local/share/nvim/lazy/nvim-ts-autotag/plugin/nvim-ts-autotag.lua
050.688  000.481  000.017: sourcing nvim_exec2() called at /root/.config/nvim/init.lua:0
050.695  000.002  000.002: sourcing nvim_exec2() called at /root/.config/nvim/init.lua:0
050.702  000.001  000.001: sourcing nvim_exec2() called at /root/.config/nvim/init.lua:0
051.279  000.569  000.569: require('plugins.configs.ts-autotag')
051.381  000.003  000.003: sourcing nvim_exec2() called at /root/.config/nvim/init.lua:0
051.389  000.001  000.001: sourcing nvim_exec2() called at /root/.config/nvim/init.lua:0
051.737  000.312  000.312: require('mini.starter')
051.771  000.379  000.067: require('plugins.configs.mini-starter')
051.882  000.004  000.004: sourcing nvim_exec2() called at /root/.config/nvim/init.lua:0
051.887  000.001  000.001: sourcing nvim_exec2() called at /root/.config/nvim/init.lua:0
052.062  000.144  000.144: require('rayso')
052.116  000.026  000.026: require('lib.params')
052.118  000.050  000.024: require('lib.create')
052.170  000.281  000.087: require('plugins.configs.rayso')
052.250  000.003  000.003: sourcing nvim_exec2() called at /root/.config/nvim/init.lua:0
052.256  000.001  000.001: sourcing nvim_exec2() called at /root/.config/nvim/init.lua:0
052.544  000.256  000.256: require('mini.surround')
054.150  001.892  001.636: require('plugins.configs.mini-surround')
054.441  000.151  000.151: sourcing /root/.local/share/nvim/lazy/hop.nvim/plugin/hop.vim
054.445  000.168  000.018: sourcing nvim_exec2() called at /root/.config/nvim/init.lua:0
054.451  000.002  000.002: sourcing nvim_exec2() called at /root/.config/nvim/init.lua:0
054.466  000.002  000.002: sourcing nvim_exec2() called at /root/.config/nvim/init.lua:0
054.778  000.265  000.265: require('hop')
054.830  000.026  000.026: require('hop.perm')
054.874  000.017  000.017: require('hop.priority')
054.876  000.044  000.027: require('hop.hint')
054.877  000.096  000.026: require('hop.defaults')
054.899  000.021  000.021: require('hop.highlight')
054.925  000.454  000.073: require('plugins.configs.hop')
055.040  000.002  000.002: sourcing nvim_exec2() called at /root/.config/nvim/init.lua:0
055.047  000.001  000.001: sourcing nvim_exec2() called at /root/.config/nvim/init.lua:0
055.443  000.366  000.366: require('mini.ai')
055.564  000.515  000.149: require('plugins.configs.mini-ai')
055.705  000.031  000.031: sourcing /usr/share/nvim/runtime/plugin/editorconfig.lua
055.708  000.049  000.017: sourcing nvim_exec2() called at /root/.config/nvim/init.lua:0
055.732  000.011  000.011: sourcing /usr/share/nvim/runtime/plugin/gzip.vim
055.734  000.023  000.011: sourcing nvim_exec2() called at /root/.config/nvim/init.lua:0
055.787  000.042  000.042: sourcing /usr/share/nvim/runtime/plugin/man.lua
055.788  000.051  000.009: sourcing nvim_exec2() called at /root/.config/nvim/init.lua:0
056.087  000.102  000.102: sourcing /usr/share/nvim/runtime/pack/dist/opt/matchit/plugin/matchit.vim
056.096  000.295  000.193: sourcing /usr/share/nvim/runtime/plugin/matchit.vim
056.097  000.305  000.010: sourcing nvim_exec2() called at /root/.config/nvim/init.lua:0
056.215  000.106  000.106: sourcing /usr/share/nvim/runtime/plugin/matchparen.vim
056.218  000.117  000.012: sourcing nvim_exec2() called at /root/.config/nvim/init.lua:0
056.238  000.006  000.006: sourcing /usr/share/nvim/runtime/plugin/netrwPlugin.vim
056.240  000.018  000.012: sourcing nvim_exec2() called at /root/.config/nvim/init.lua:0
056.282  000.032  000.032: sourcing /usr/share/nvim/runtime/plugin/osc52.lua
056.283  000.041  000.009: sourcing nvim_exec2() called at /root/.config/nvim/init.lua:0
056.380  000.086  000.086: sourcing /usr/share/nvim/runtime/plugin/rplugin.vim
056.404  000.119  000.032: sourcing nvim_exec2() called at /root/.config/nvim/init.lua:0
056.459  000.041  000.041: sourcing /usr/share/nvim/runtime/plugin/shada.vim
056.461  000.052  000.011: sourcing nvim_exec2() called at /root/.config/nvim/init.lua:0
056.506  000.029  000.029: sourcing /usr/share/nvim/runtime/plugin/spellfile.vim
056.509  000.046  000.017: sourcing nvim_exec2() called at /root/.config/nvim/init.lua:0
056.534  000.006  000.006: sourcing /usr/share/nvim/runtime/plugin/tarPlugin.vim
056.535  000.021  000.015: sourcing nvim_exec2() called at /root/.config/nvim/init.lua:0
056.569  000.022  000.022: sourcing /usr/share/nvim/runtime/plugin/tohtml.lua
056.571  000.033  000.011: sourcing nvim_exec2() called at /root/.config/nvim/init.lua:0
056.600  000.012  000.012: sourcing /usr/share/nvim/runtime/plugin/tutor.vim
056.602  000.023  000.011: sourcing nvim_exec2() called at /root/.config/nvim/init.lua:0
056.650  000.008  000.008: sourcing /usr/share/nvim/runtime/plugin/zipPlugin.vim
056.652  000.026  000.018: sourcing nvim_exec2() called at /root/.config/nvim/init.lua:0
056.713  050.018  007.277: require('plugins')
057.353  000.055  000.055: sourcing /root/.local/share/nvim/lazy/everforest/autoload/everforest.vim
062.270  005.038  004.983: sourcing /root/.local/share/nvim/lazy/everforest/colors/everforest.vim
064.069  000.022  000.022: sourcing nvim_exec2() called at ColorScheme Autocommands for "*":0
064.524  000.003  000.003: sourcing nvim_exec2() called at ColorScheme Autocommands for "*":0
064.527  000.001  000.001: sourcing nvim_exec2() called at ColorScheme Autocommands for "*":0
064.529  000.001  000.001: sourcing nvim_exec2() called at ColorScheme Autocommands for "*":0
064.531  000.001  000.001: sourcing nvim_exec2() called at ColorScheme Autocommands for "*":0
064.533  000.001  000.001: sourcing nvim_exec2() called at ColorScheme Autocommands for "*":0
064.534  000.001  000.001: sourcing nvim_exec2() called at ColorScheme Autocommands for "*":0
064.536  000.001  000.001: sourcing nvim_exec2() called at ColorScheme Autocommands for "*":0
064.538  000.001  000.001: sourcing nvim_exec2() called at ColorScheme Autocommands for "*":0
064.540  000.001  000.001: sourcing nvim_exec2() called at ColorScheme Autocommands for "*":0
064.542  000.001  000.001: sourcing nvim_exec2() called at ColorScheme Autocommands for "*":0
064.544  000.001  000.001: sourcing nvim_exec2() called at ColorScheme Autocommands for "*":0
064.545  000.001  000.001: sourcing nvim_exec2() called at ColorScheme Autocommands for "*":0
064.547  000.001  000.001: sourcing nvim_exec2() called at ColorScheme Autocommands for "*":0
064.548  000.001  000.001: sourcing nvim_exec2() called at ColorScheme Autocommands for "*":0
064.550  000.001  000.001: sourcing nvim_exec2() called at ColorScheme Autocommands for "*":0
064.553  000.001  000.001: sourcing nvim_exec2() called at ColorScheme Autocommands for "*":0
064.555  000.001  000.001: sourcing nvim_exec2() called at ColorScheme Autocommands for "*":0
064.556  000.001  000.001: sourcing nvim_exec2() called at ColorScheme Autocommands for "*":0
064.580  000.002  000.002: sourcing nvim_exec2() called at ColorScheme Autocommands for "*":0
064.582  000.001  000.001: sourcing nvim_exec2() called at ColorScheme Autocommands for "*":0
064.584  000.001  000.001: sourcing nvim_exec2() called at ColorScheme Autocommands for "*":0
064.586  000.001  000.001: sourcing nvim_exec2() called at ColorScheme Autocommands for "*":0
064.587  000.001  000.001: sourcing nvim_exec2() called at ColorScheme Autocommands for "*":0
064.589  000.001  000.001: sourcing nvim_exec2() called at ColorScheme Autocommands for "*":0
064.591  000.001  000.001: sourcing nvim_exec2() called at ColorScheme Autocommands for "*":0
064.592  000.001  000.001: sourcing nvim_exec2() called at ColorScheme Autocommands for "*":0
064.594  000.001  000.001: sourcing nvim_exec2() called at ColorScheme Autocommands for "*":0
064.596  000.001  000.001: sourcing nvim_exec2() called at ColorScheme Autocommands for "*":0
064.597  000.001  000.001: sourcing nvim_exec2() called at ColorScheme Autocommands for "*":0
064.599  000.001  000.001: sourcing nvim_exec2() called at ColorScheme Autocommands for "*":0
064.601  000.001  000.001: sourcing nvim_exec2() called at ColorScheme Autocommands for "*":0
064.602  000.001  000.001: sourcing nvim_exec2() called at ColorScheme Autocommands for "*":0
064.604  000.001  000.001: sourcing nvim_exec2() called at ColorScheme Autocommands for "*":0
064.608  000.001  000.001: sourcing nvim_exec2() called at ColorScheme Autocommands for "*":0
064.610  000.001  000.001: sourcing nvim_exec2() called at ColorScheme Autocommands for "*":0
064.612  000.001  000.001: sourcing nvim_exec2() called at ColorScheme Autocommands for "*":0
064.613  000.001  000.001: sourcing nvim_exec2() called at ColorScheme Autocommands for "*":0
064.615  000.001  000.001: sourcing nvim_exec2() called at ColorScheme Autocommands for "*":0
064.616  000.001  000.001: sourcing nvim_exec2() called at ColorScheme Autocommands for "*":0
064.618  000.001  000.001: sourcing nvim_exec2() called at ColorScheme Autocommands for "*":0
064.620  000.001  000.001: sourcing nvim_exec2() called at ColorScheme Autocommands for "*":0
064.622  000.001  000.001: sourcing nvim_exec2() called at ColorScheme Autocommands for "*":0
064.623  000.001  000.001: sourcing nvim_exec2() called at ColorScheme Autocommands for "*":0
064.625  000.001  000.001: sourcing nvim_exec2() called at ColorScheme Autocommands for "*":0
064.626  000.001  000.001: sourcing nvim_exec2() called at ColorScheme Autocommands for "*":0
064.628  000.001  000.001: sourcing nvim_exec2() called at ColorScheme Autocommands for "*":0
064.630  000.001  000.001: sourcing nvim_exec2() called at ColorScheme Autocommands for "*":0
064.631  000.001  000.001: sourcing nvim_exec2() called at ColorScheme Autocommands for "*":0
064.633  000.001  000.001: sourcing nvim_exec2() called at ColorScheme Autocommands for "*":0
064.635  000.001  000.001: sourcing nvim_exec2() called at ColorScheme Autocommands for "*":0
064.636  000.001  000.001: sourcing nvim_exec2() called at ColorScheme Autocommands for "*":0
064.638  000.001  000.001: sourcing nvim_exec2() called at ColorScheme Autocommands for "*":0
064.641  000.001  000.001: sourcing nvim_exec2() called at ColorScheme Autocommands for "*":0
064.642  000.001  000.001: sourcing nvim_exec2() called at ColorScheme Autocommands for "*":0
064.644  000.001  000.001: sourcing nvim_exec2() called at ColorScheme Autocommands for "*":0
064.646  000.001  000.001: sourcing nvim_exec2() called at ColorScheme Autocommands for "*":0
064.648  000.001  000.001: sourcing nvim_exec2() called at ColorScheme Autocommands for "*":0
064.650  000.001  000.001: sourcing nvim_exec2() called at ColorScheme Autocommands for "*":0
064.651  000.001  000.001: sourcing nvim_exec2() called at ColorScheme Autocommands for "*":0
064.653  000.001  000.001: sourcing nvim_exec2() called at ColorScheme Autocommands for "*":0
064.655  000.001  000.001: sourcing nvim_exec2() called at ColorScheme Autocommands for "*":0
064.657  000.001  000.001: sourcing nvim_exec2() called at ColorScheme Autocommands for "*":0
064.658  000.001  000.001: sourcing nvim_exec2() called at ColorScheme Autocommands for "*":0
064.661  000.001  000.001: sourcing nvim_exec2() called at ColorScheme Autocommands for "*":0
064.663  000.001  000.001: sourcing nvim_exec2() called at ColorScheme Autocommands for "*":0
064.665  000.001  000.001: sourcing nvim_exec2() called at ColorScheme Autocommands for "*":0
064.667  000.001  000.001: sourcing nvim_exec2() called at ColorScheme Autocommands for "*":0
064.669  000.001  000.001: sourcing nvim_exec2() called at ColorScheme Autocommands for "*":0
064.670  000.001  000.001: sourcing nvim_exec2() called at ColorScheme Autocommands for "*":0
064.672  000.001  000.001: sourcing nvim_exec2() called at ColorScheme Autocommands for "*":0
064.675  000.001  000.001: sourcing nvim_exec2() called at ColorScheme Autocommands for "*":0
064.677  000.001  000.001: sourcing nvim_exec2() called at ColorScheme Autocommands for "*":0
064.699  000.001  000.001: sourcing nvim_exec2() called at ColorScheme Autocommands for "*":0
064.701  000.001  000.001: sourcing nvim_exec2() called at ColorScheme Autocommands for "*":0
064.702  000.001  000.001: sourcing nvim_exec2() called at ColorScheme Autocommands for "*":0
064.704  000.001  000.001: sourcing nvim_exec2() called at ColorScheme Autocommands for "*":0
064.706  000.001  000.001: sourcing nvim_exec2() called at ColorScheme Autocommands for "*":0
064.708  000.001  000.001: sourcing nvim_exec2() called at ColorScheme Autocommands for "*":0
064.709  000.001  000.001: sourcing nvim_exec2() called at ColorScheme Autocommands for "*":0
064.711  000.001  000.001: sourcing nvim_exec2() called at ColorScheme Autocommands for "*":0
064.713  000.001  000.001: sourcing nvim_exec2() called at ColorScheme Autocommands for "*":0
064.715  000.001  000.001: sourcing nvim_exec2() called at ColorScheme Autocommands for "*":0
064.717  000.001  000.001: sourcing nvim_exec2() called at ColorScheme Autocommands for "*":0
064.718  000.001  000.001: sourcing nvim_exec2() called at ColorScheme Autocommands for "*":0
064.720  000.001  000.001: sourcing nvim_exec2() called at ColorScheme Autocommands for "*":0
064.735  000.003  000.003: sourcing nvim_exec2() called at ColorScheme Autocommands for "*":0
064.746  000.002  000.002: sourcing nvim_exec2() called at ColorScheme Autocommands for "*":0
064.751  000.001  000.001: sourcing nvim_exec2() called at ColorScheme Autocommands for "*":0
064.756  000.001  000.001: sourcing nvim_exec2() called at ColorScheme Autocommands for "*":0
064.761  000.001  000.001: sourcing nvim_exec2() called at ColorScheme Autocommands for "*":0
064.766  000.001  000.001: sourcing nvim_exec2() called at ColorScheme Autocommands for "*":0
064.769  000.001  000.001: sourcing nvim_exec2() called at ColorScheme Autocommands for "*":0
064.773  000.001  000.001: sourcing nvim_exec2() called at ColorScheme Autocommands for "*":0
064.778  000.001  000.001: sourcing nvim_exec2() called at ColorScheme Autocommands for "*":0
064.781  000.001  000.001: sourcing nvim_exec2() called at ColorScheme Autocommands for "*":0
064.785  000.001  000.001: sourcing nvim_exec2() called at ColorScheme Autocommands for "*":0
064.789  000.001  000.001: sourcing nvim_exec2() called at ColorScheme Autocommands for "*":0
064.792  000.001  000.001: sourcing nvim_exec2() called at ColorScheme Autocommands for "*":0
064.798  000.002  000.002: sourcing nvim_exec2() called at ColorScheme Autocommands for "*":0
064.801  000.001  000.001: sourcing nvim_exec2() called at ColorScheme Autocommands for "*":0
064.804  000.001  000.001: sourcing nvim_exec2() called at ColorScheme Autocommands for "*":0
064.809  000.001  000.001: sourcing nvim_exec2() called at ColorScheme Autocommands for "*":0
064.813  000.001  000.001: sourcing nvim_exec2() called at ColorScheme Autocommands for "*":0
064.816  000.001  000.001: sourcing nvim_exec2() called at ColorScheme Autocommands for "*":0
064.821  000.001  000.001: sourcing nvim_exec2() called at ColorScheme Autocommands for "*":0
064.824  000.001  000.001: sourcing nvim_exec2() called at ColorScheme Autocommands for "*":0
064.828  000.001  000.001: sourcing nvim_exec2() called at ColorScheme Autocommands for "*":0
064.838  000.009  000.009: sourcing nvim_exec2() called at ColorScheme Autocommands for "*":0
064.954  000.003  000.003: sourcing nvim_exec2() called at ColorScheme Autocommands for "*":0
064.960  000.001  000.001: sourcing nvim_exec2() called at ColorScheme Autocommands for "*":0
064.964  000.001  000.001: sourcing nvim_exec2() called at ColorScheme Autocommands for "*":0
064.969  000.001  000.001: sourcing nvim_exec2() called at ColorScheme Autocommands for "*":0
064.973  000.001  000.001: sourcing nvim_exec2() called at ColorScheme Autocommands for "*":0
064.979  000.001  000.001: sourcing nvim_exec2() called at ColorScheme Autocommands for "*":0
064.983  000.001  000.001: sourcing nvim_exec2() called at ColorScheme Autocommands for "*":0
065.027  000.003  000.003: sourcing nvim_exec2() called at ColorScheme Autocommands for "*":0
065.032  000.003  000.003: sourcing nvim_exec2() called at ColorScheme Autocommands for "*":0
065.072  000.003  000.003: sourcing nvim_exec2() called at ColorScheme Autocommands for "*":0
065.079  000.001  000.001: sourcing nvim_exec2() called at ColorScheme Autocommands for "*":0
065.083  000.001  000.001: sourcing nvim_exec2() called at ColorScheme Autocommands for "*":0
065.088  000.001  000.001: sourcing nvim_exec2() called at ColorScheme Autocommands for "*":0
065.091  000.001  000.001: sourcing nvim_exec2() called at ColorScheme Autocommands for "*":0
065.094  000.001  000.001: sourcing nvim_exec2() called at ColorScheme Autocommands for "*":0
065.099  000.001  000.001: sourcing nvim_exec2() called at ColorScheme Autocommands for "*":0
065.105  000.001  000.001: sourcing nvim_exec2() called at ColorScheme Autocommands for "*":0
065.109  000.001  000.001: sourcing nvim_exec2() called at ColorScheme Autocommands for "*":0
065.113  000.001  000.001: sourcing nvim_exec2() called at ColorScheme Autocommands for "*":0
065.116  000.001  000.001: sourcing nvim_exec2() called at ColorScheme Autocommands for "*":0
065.120  000.001  000.001: sourcing nvim_exec2() called at ColorScheme Autocommands for "*":0
065.124  000.001  000.001: sourcing nvim_exec2() called at ColorScheme Autocommands for "*":0
065.127  000.001  000.001: sourcing nvim_exec2() called at ColorScheme Autocommands for "*":0
065.134  000.001  000.001: sourcing nvim_exec2() called at ColorScheme Autocommands for "*":0
065.137  000.001  000.001: sourcing nvim_exec2() called at ColorScheme Autocommands for "*":0
065.142  000.001  000.001: sourcing nvim_exec2() called at ColorScheme Autocommands for "*":0
065.145  000.001  000.001: sourcing nvim_exec2() called at ColorScheme Autocommands for "*":0
065.149  000.001  000.001: sourcing nvim_exec2() called at ColorScheme Autocommands for "*":0
065.153  000.001  000.001: sourcing nvim_exec2() called at ColorScheme Autocommands for "*":0
065.156  000.001  000.001: sourcing nvim_exec2() called at ColorScheme Autocommands for "*":0
065.170  000.004  000.004: sourcing nvim_exec2() called at ColorScheme Autocommands for "*":0
065.174  000.001  000.001: sourcing nvim_exec2() called at ColorScheme Autocommands for "*":0
065.177  000.001  000.001: sourcing nvim_exec2() called at ColorScheme Autocommands for "*":0
065.180  000.002  000.002: sourcing nvim_exec2() called at ColorScheme Autocommands for "*":0
065.209  000.002  000.002: sourcing nvim_exec2() called at ColorScheme Autocommands for "*":0
065.215  000.001  000.001: sourcing nvim_exec2() called at ColorScheme Autocommands for "*":0
065.218  000.001  000.001: sourcing nvim_exec2() called at ColorScheme Autocommands for "*":0
065.221  000.001  000.001: sourcing nvim_exec2() called at ColorScheme Autocommands for "*":0
065.226  000.001  000.001: sourcing nvim_exec2() called at ColorScheme Autocommands for "*":0
065.229  000.001  000.001: sourcing nvim_exec2() called at ColorScheme Autocommands for "*":0
065.235  000.001  000.001: sourcing nvim_exec2() called at ColorScheme Autocommands for "*":0
065.241  000.001  000.001: sourcing nvim_exec2() called at ColorScheme Autocommands for "*":0
065.247  000.001  000.001: sourcing nvim_exec2() called at ColorScheme Autocommands for "*":0
065.251  000.001  000.001: sourcing nvim_exec2() called at ColorScheme Autocommands for "*":0
065.254  000.001  000.001: sourcing nvim_exec2() called at ColorScheme Autocommands for "*":0
065.259  000.001  000.001: sourcing nvim_exec2() called at ColorScheme Autocommands for "*":0
065.262  000.001  000.001: sourcing nvim_exec2() called at ColorScheme Autocommands for "*":0
065.276  000.011  000.011: sourcing nvim_exec2() called at ColorScheme Autocommands for "*":0
065.282  000.001  000.001: sourcing nvim_exec2() called at ColorScheme Autocommands for "*":0
065.285  000.001  000.001: sourcing nvim_exec2() called at ColorScheme Autocommands for "*":0
065.289  000.001  000.001: sourcing nvim_exec2() called at ColorScheme Autocommands for "*":0
065.301  000.001  000.001: sourcing nvim_exec2() called at ColorScheme Autocommands for "*":0
065.304  000.001  000.001: sourcing nvim_exec2() called at ColorScheme Autocommands for "*":0
065.309  000.001  000.001: sourcing nvim_exec2() called at ColorScheme Autocommands for "*":0
065.313  000.001  000.001: sourcing nvim_exec2() called at ColorScheme Autocommands for "*":0
065.318  000.001  000.001: sourcing nvim_exec2() called at ColorScheme Autocommands for "*":0
065.322  000.001  000.001: sourcing nvim_exec2() called at ColorScheme Autocommands for "*":0
065.325  000.001  000.001: sourcing nvim_exec2() called at ColorScheme Autocommands for "*":0
065.330  000.001  000.001: sourcing nvim_exec2() called at ColorScheme Autocommands for "*":0
065.333  000.001  000.001: sourcing nvim_exec2() called at ColorScheme Autocommands for "*":0
065.336  000.001  000.001: sourcing nvim_exec2() called at ColorScheme Autocommands for "*":0
065.340  000.001  000.001: sourcing nvim_exec2() called at ColorScheme Autocommands for "*":0
065.411  000.010  000.010: sourcing nvim_exec2() called at ColorScheme Autocommands for "*":0
065.427  000.004  000.004: sourcing nvim_exec2() called at ColorScheme Autocommands for "*":0
065.439  000.010  000.010: sourcing nvim_exec2() called at ColorScheme Autocommands for "*":0
065.445  000.003  000.003: sourcing nvim_exec2() called at ColorScheme Autocommands for "*":0
065.450  000.002  000.002: sourcing nvim_exec2() called at ColorScheme Autocommands for "*":0
065.548  062.752  003.673: sourcing /root/.config/nvim/init.lua
065.556  000.072: sourcing vimrc file(s)
065.568  000.012: inits 3
067.258  001.690: reading ShaDa
067.344  000.085: opening buffers
067.400  000.056: BufEnter autocommands
067.402  000.002: editing files in windows
067.919  000.281  000.281: sourcing /usr/share/nvim/runtime/autoload/provider/clipboard.vim
067.943  000.012  000.012: sourcing nvim_exec2() called at nvim_exec2() called at VimEnter Autocommands for "*":0:1
068.027  000.080  000.080: sourcing nvim_exec2() called at nvim_exec2() called at VimEnter Autocommands for "*":0:1
070.102  002.661  002.287: sourcing nvim_exec2() called at VimEnter Autocommands for "*":0
070.113  000.051: VimEnter autocommands
070.241  000.128: UIEnter autocommands
070.269  000.028: before starting main loop
071.009  000.005  000.005: sourcing nvim_exec2() called at CursorMoved Autocommands for "*":0
071.016  000.001  000.001: sourcing nvim_exec2() called at CursorMoved Autocommands for "*":0
071.321  000.033  000.033: require('undo-glow.color')
071.323  000.076  000.042: require('undo-glow.config')
071.380  000.056  000.056: require('undo-glow.easing')
071.449  000.069  000.069: require('undo-glow.animation')
071.463  000.420  000.220: require('undo-glow')
071.504  000.025  000.025: require('undo-glow.highlight')
071.525  001.249  000.798: require('undo-glow')
071.568  000.042  000.042: require('undo-glow.commands')
071.616  000.045  000.045: require('undo-glow.utils')
072.045  000.440: first screen update
072.047  000.002: --- NVIM STARTED ---

--- Startup times for process: Primary (or UI client) ---

times in msec
 clock   self+sourced   self:  sourced script
 clock   elapsed:              other lines

000.000  000.000: --- NVIM STARTING ---
000.106  000.105: event init
000.184  000.078: early init
000.216  000.032: locale set
000.246  000.030: init first window
000.614  000.368: inits 1
000.621  000.007: window checked
000.624  000.002: parsing arguments
001.005  000.030  000.030: require('vim.shared')
001.064  000.025  000.025: require('vim.inspect')
001.104  000.033  000.033: require('vim._options')
001.105  000.098  000.040: require('vim._editor')
001.106  000.149  000.022: require('vim._init_packages')
001.107  000.335: init lua interpreter
002.415  001.308: nvim_ui_attach
002.673  000.258: nvim_set_client_info
002.675  000.002: --- NVIM STARTED ---

--- Startup times for process: Embedded ---

times in msec
 clock   self+sourced   self:  sourced script
 clock   elapsed:              other lines

000.000  000.000: --- NVIM STARTING ---
000.102  000.102: event init
000.174  000.072: early init
000.216  000.042: locale set
000.250  000.034: init first window
000.495  000.246: inits 1
000.503  000.008: window checked
000.505  000.001: parsing arguments
000.836  000.028  000.028: require('vim.shared')
000.895  000.025  000.025: require('vim.inspect')
000.926  000.025  000.025: require('vim._options')
000.927  000.088  000.038: require('vim._editor')
000.928  000.133  000.017: require('vim._init_packages')
000.929  000.291: init lua interpreter
000.969  000.040: expanding arguments
000.985  000.016: inits 2
001.168  000.182: init highlight
001.168  000.001: waiting for UI
001.250  000.082: done waiting for UI
001.256  000.006: clear screen
001.348  000.008  000.008: require('vim.keymap')
001.956  000.103  000.103: sourcing nvim_exec2()
002.357  000.322  000.322: require('vim.termcap')
002.391  000.023  000.023: require('vim.text')
002.454  001.195  000.739: require('vim._defaults')
002.455  000.004: init default mappings & autocommands
002.503  000.030  000.030: sourcing /usr/share/nvim/runtime/ftplugin.vim
002.534  000.014  000.014: sourcing /usr/share/nvim/runtime/indent.vim
002.594  000.036  000.036: sourcing /usr/share/nvim/archlinux.lua
002.608  000.062  000.025: sourcing /etc/xdg/nvim/sysinit.vim
002.981  000.343  000.343: require('commands')
003.141  000.046  000.046: require('./utils')
003.145  000.106  000.061: require('functions')
003.335  000.350  000.244: require('mappings')
003.475  000.067  000.067: sourcing /usr/share/nvim/runtime/syntax/nosyntax.vim
003.477  000.090  000.023: sourcing nvim_exec2() called at /root/.config/nvim/init.lua:0
003.663  000.021  000.021: sourcing /usr/share/vim/vimfiles/ftdetect/task.vim
003.666  000.076  000.055: sourcing nvim_exec2() called at /usr/share/nvim/runtime/filetype.lua:0
003.667  000.125  000.049: sourcing /usr/share/nvim/runtime/filetype.lua
003.693  000.005  000.005: sourcing /usr/share/nvim/runtime/ftplugin.vim
003.711  000.004  000.004: sourcing /usr/share/nvim/runtime/indent.vim
003.716  000.193  000.058: sourcing nvim_exec2() called at /root/.config/nvim/init.lua:0
003.751  000.017  000.017: require('vim.fs')
003.816  000.063  000.063: require('vim.uri')
003.825  000.106  000.027: require('vim.loader')
003.842  000.505  000.116: require('options')
004.183  000.054  000.054: require('vim.lsp.log')
004.669  000.483  000.483: require('vim.lsp.protocol')
004.968  000.295  000.295: require('vim.lsp.util')
005.034  000.031  000.031: require('vim.lsp.sync')
005.039  000.069  000.038: require('vim.lsp._changetracking')
005.163  000.039  000.039: require('vim.lsp._transport')
005.173  000.133  000.094: require('vim.lsp.rpc')
005.195  001.262  000.226: require('vim.lsp')
005.209  001.366  000.104: require('lsp')
005.694  000.325  000.325: require('lazy')
005.736  000.041  000.041: require('lazy_config')
005.751  000.007  000.007: require('ffi')
005.775  000.022  000.022: require('lazy.stats')
005.867  000.078  000.078: require('lazy.core.util')
005.932  000.063  000.063: require('lazy.core.config')
006.043  000.053  000.053: require('lazy.core.handler')
006.331  000.041  000.041: require('lazy.pkg')
006.334  000.129  000.088: require('lazy.core.meta')
006.338  000.293  000.165: require('lazy.core.plugin')
006.343  000.410  000.063: require('lazy.core.loader')
006.667  000.034  000.034: require('lazy.core.fragments')
008.137  000.059  000.059: require('lazy.core.handler.event')
008.140  000.100  000.041: require('lazy.core.handler.ft')
008.206  000.063  000.063: require('lazy.core.handler.keys')
008.259  000.050  000.050: require('lazy.core.handler.cmd')
008.499  000.003  000.003: sourcing nvim_exec2() called at /root/.config/nvim/init.lua:0
008.511  000.001  000.001: sourcing nvim_exec2() called at /root/.config/nvim/init.lua:0
009.014  000.096  000.096: sourcing /usr/share/nvim/runtime/filetype.lua
009.018  000.114  000.018: sourcing nvim_exec2() called at /root/.config/nvim/init.lua:0
009.181  000.002  000.002: sourcing nvim_exec2() called at /root/.config/nvim/init.lua:0
009.197  000.001  000.001: sourcing nvim_exec2() called at /root/.config/nvim/init.lua:0
009.371  000.020  000.020: sourcing /root/.local/share/nvim/lazy/nvim-web-devicons/plugin/nvim-web-devicons.vim
009.374  000.042  000.022: sourcing nvim_exec2() called at /root/.config/nvim/init.lua:0
009.377  000.001  000.001: sourcing nvim_exec2() called at /root/.config/nvim/init.lua:0
009.386  000.001  000.001: sourcing nvim_exec2() called at /root/.config/nvim/init.lua:0
009.824  000.153  000.153: require('nvim-web-devicons.filetypes')
009.835  000.003  000.003: require('vim.F')
010.132  000.244  000.244: require('nvim-web-devicons.default.icons_by_filename')
010.377  000.240  000.240: require('nvim-web-devicons.default.icons_by_file_extension')
010.463  000.084  000.084: require('nvim-web-devicons.default.icons_by_operating_system')
010.488  000.023  000.023: require('nvim-web-devicons.default.icons_by_desktop_environment')
010.514  000.025  000.025: require('nvim-web-devicons.default.icons_by_window_manager')
010.515  000.669  000.053: require('nvim-web-devicons.icons-default')
010.734  001.345  000.520: require('nvim-web-devicons')
012.903  000.007  000.007: sourcing nvim_exec2() called at /root/.config/nvim/init.lua:0
012.910  000.001  000.001: sourcing nvim_exec2() called at /root/.config/nvim/init.lua:0
013.219  000.036  000.036: require('lualine_require')
013.435  000.461  000.424: require('lualine')
013.842  000.011  000.011: sourcing nvim_exec2() called at /root/.config/nvim/init.lua:0
014.332  000.123  000.123: require('lualine.highlight')
014.639  000.006  000.006: sourcing nvim_exec2() called at /root/.config/nvim/init.lua:0
014.650  000.002  000.002: sourcing nvim_exec2() called at /root/.config/nvim/init.lua:0
014.658  000.002  000.002: sourcing nvim_exec2() called at /root/.config/nvim/init.lua:0
014.663  000.001  000.001: sourcing nvim_exec2() called at /root/.config/nvim/init.lua:0
014.668  000.002  000.002: sourcing nvim_exec2() called at /root/.config/nvim/init.lua:0
014.672  000.001  000.001: sourcing nvim_exec2() called at /root/.config/nvim/init.lua:0
014.676  000.001  000.001: sourcing nvim_exec2() called at /root/.config/nvim/init.lua:0
014.686  000.002  000.002: sourcing nvim_exec2() called at /root/.config/nvim/init.lua:0
014.690  000.002  000.002: sourcing nvim_exec2() called at /root/.config/nvim/init.lua:0
014.695  000.001  000.001: sourcing nvim_exec2() called at /root/.config/nvim/init.lua:0
014.701  000.001  000.001: sourcing nvim_exec2() called at /root/.config/nvim/init.lua:0
014.706  000.001  000.001: sourcing nvim_exec2() called at /root/.config/nvim/init.lua:0
014.711  000.001  000.001: sourcing nvim_exec2() called at /root/.config/nvim/init.lua:0
014.717  000.001  000.001: sourcing nvim_exec2() called at /root/.config/nvim/init.lua:0
014.721  000.001  000.001: sourcing nvim_exec2() called at /root/.config/nvim/init.lua:0
014.727  000.001  000.001: sourcing nvim_exec2() called at /root/.config/nvim/init.lua:0
014.732  000.001  000.001: sourcing nvim_exec2() called at /root/.config/nvim/init.lua:0
014.738  000.001  000.001: sourcing nvim_exec2() called at /root/.config/nvim/init.lua:0
014.741  000.001  000.001: sourcing nvim_exec2() called at /root/.config/nvim/init.lua:0
014.747  000.001  000.001: sourcing nvim_exec2() called at /root/.config/nvim/init.lua:0
014.751  000.001  000.001: sourcing nvim_exec2() called at /root/.config/nvim/init.lua:0
014.756  000.001  000.001: sourcing nvim_exec2() called at /root/.config/nvim/init.lua:0
014.765  000.006  000.006: sourcing nvim_exec2() called at /root/.config/nvim/init.lua:0
015.490  000.006  000.006: sourcing nvim_exec2() called at /root/.config/nvim/init.lua:0
015.498  000.002  000.002: sourcing nvim_exec2() called at /root/.config/nvim/init.lua:0
015.509  000.001  000.001: sourcing nvim_exec2() called at /root/.config/nvim/init.lua:0
015.514  000.001  000.001: sourcing nvim_exec2() called at /root/.config/nvim/init.lua:0
015.544  000.001  000.001: sourcing nvim_exec2() called at /root/.config/nvim/init.lua:0
015.560  000.001  000.001: sourcing nvim_exec2() called at /root/.config/nvim/init.lua:0
015.565  000.001  000.001: sourcing nvim_exec2() called at /root/.config/nvim/init.lua:0
015.890  000.006  000.006: sourcing nvim_exec2() called at /root/.config/nvim/init.lua:0
015.899  000.003  000.003: sourcing nvim_exec2() called at /root/.config/nvim/init.lua:0
016.079  000.004  000.004: sourcing nvim_exec2() called at /root/.config/nvim/init.lua:0
016.088  000.001  000.001: sourcing nvim_exec2() called at /root/.config/nvim/init.lua:0
016.111  000.002  000.002: sourcing nvim_exec2() called at /root/.config/nvim/init.lua:0
016.119  000.001  000.001: sourcing nvim_exec2() called at /root/.config/nvim/init.lua:0
016.123  000.001  000.001: sourcing nvim_exec2() called at /root/.config/nvim/init.lua:0
016.128  000.001  000.001: sourcing nvim_exec2() called at /root/.config/nvim/init.lua:0
016.133  000.001  000.001: sourcing nvim_exec2() called at /root/.config/nvim/init.lua:0
016.140  000.001  000.001: sourcing nvim_exec2() called at /root/.config/nvim/init.lua:0
016.145  000.001  000.001: sourcing nvim_exec2() called at /root/.config/nvim/init.lua:0
016.149  000.001  000.001: sourcing nvim_exec2() called at /root/.config/nvim/init.lua:0
016.154  000.001  000.001: sourcing nvim_exec2() called at /root/.config/nvim/init.lua:0
016.182  000.002  000.002: sourcing nvim_exec2() called at /root/.config/nvim/init.lua:0
016.189  000.001  000.001: sourcing nvim_exec2() called at /root/.config/nvim/init.lua:0
016.193  000.001  000.001: sourcing nvim_exec2() called at /root/.config/nvim/init.lua:0
016.200  000.002  000.002: sourcing nvim_exec2() called at /root/.config/nvim/init.lua:0
016.204  000.001  000.001: sourcing nvim_exec2() called at /root/.config/nvim/init.lua:0
016.207  000.001  000.001: sourcing nvim_exec2() called at /root/.config/nvim/init.lua:0
016.213  000.001  000.001: sourcing nvim_exec2() called at /root/.config/nvim/init.lua:0
016.216  000.001  000.001: sourcing nvim_exec2() called at /root/.config/nvim/init.lua:0
016.221  000.001  000.001: sourcing nvim_exec2() called at /root/.config/nvim/init.lua:0
016.226  000.001  000.001: sourcing nvim_exec2() called at /root/.config/nvim/init.lua:0
016.348  000.006  000.006: sourcing nvim_exec2() called at /root/.config/nvim/init.lua:0
016.353  000.001  000.001: sourcing nvim_exec2() called at /root/.config/nvim/init.lua:0
016.357  000.001  000.001: sourcing nvim_exec2() called at /root/.config/nvim/init.lua:0
016.361  000.003  000.003: sourcing nvim_exec2() called at /root/.config/nvim/init.lua:0
016.656  000.004  000.004: sourcing nvim_exec2() called at /root/.config/nvim/init.lua:0
016.665  000.002  000.002: sourcing nvim_exec2() called at /root/.config/nvim/init.lua:0
016.670  000.001  000.001: sourcing nvim_exec2() called at /root/.config/nvim/init.lua:0
016.823  000.002  000.002: sourcing nvim_exec2() called at /root/.config/nvim/init.lua:0
016.877  000.002  000.002: sourcing nvim_exec2() called at /root/.config/nvim/init.lua:0
016.927  000.001  000.001: sourcing nvim_exec2() called at /root/.config/nvim/init.lua:0
016.970  000.001  000.001: sourcing nvim_exec2() called at /root/.config/nvim/init.lua:0
016.981  000.002  000.002: sourcing nvim_exec2() called at /root/.config/nvim/init.lua:0
016.993  000.001  000.001: sourcing nvim_exec2() called at /root/.config/nvim/init.lua:0
017.002  000.001  000.001: sourcing nvim_exec2() called at /root/.config/nvim/init.lua:0
017.008  000.001  000.001: sourcing nvim_exec2() called at /root/.config/nvim/init.lua:0
017.014  000.001  000.001: sourcing nvim_exec2() called at /root/.config/nvim/init.lua:0
017.022  000.001  000.001: sourcing nvim_exec2() called at /root/.config/nvim/init.lua:0
017.030  000.001  000.001: sourcing nvim_exec2() called at /root/.config/nvim/init.lua:0
017.041  000.002  000.002: sourcing nvim_exec2() called at /root/.config/nvim/init.lua:0
017.047  000.001  000.001: sourcing nvim_exec2() called at /root/.config/nvim/init.lua:0
017.052  000.001  000.001: sourcing nvim_exec2() called at /root/.config/nvim/init.lua:0
017.061  000.001  000.001: sourcing nvim_exec2() called at /root/.config/nvim/init.lua:0
017.066  000.001  000.001: sourcing nvim_exec2() called at /root/.config/nvim/init.lua:0
017.073  000.001  000.001: sourcing nvim_exec2() called at /root/.config/nvim/init.lua:0
017.080  000.001  000.001: sourcing nvim_exec2() called at /root/.config/nvim/init.lua:0
017.109  000.002  000.002: sourcing nvim_exec2() called at /root/.config/nvim/init.lua:0
017.115  000.001  000.001: sourcing nvim_exec2() called at /root/.config/nvim/init.lua:0
017.123  000.001  000.001: sourcing nvim_exec2() called at /root/.config/nvim/init.lua:0
017.129  000.001  000.001: sourcing nvim_exec2() called at /root/.config/nvim/init.lua:0
017.135  000.001  000.001: sourcing nvim_exec2() called at /root/.config/nvim/init.lua:0
017.143  000.001  000.001: sourcing nvim_exec2() called at /root/.config/nvim/init.lua:0
017.152  000.001  000.001: sourcing nvim_exec2() called at /root/.config/nvim/init.lua:0
017.317  000.120  000.120: require('lualine.utils.mode')
017.441  000.008  000.008: sourcing nvim_exec2() called at /root/.config/nvim/init.lua:0
017.470  000.004  000.004: sourcing nvim_exec2() called at /root/.config/nvim/init.lua:0
017.486  000.008  000.008: sourcing nvim_exec2() called at /root/.config/nvim/init.lua:0
017.491  000.003  000.003: sourcing nvim_exec2() called at /root/.config/nvim/init.lua:0
017.495  000.002  000.002: sourcing nvim_exec2() called at /root/.config/nvim/init.lua:0
017.505  004.574  003.693: require('plugins.configs.lualine')
017.558  000.001  000.001: sourcing nvim_exec2() called at /root/.config/nvim/init.lua:0
017.564  000.001  000.001: sourcing nvim_exec2() called at /root/.config/nvim/init.lua:0
017.963  000.346  000.346: require('ts-error-translator')
017.989  000.021  000.021: require('ts-error-translator.diagnostic')
018.082  000.053  000.053: require('vim.lsp.completion')
018.143  000.152  000.100: require('vim.lsp.handlers')
018.146  000.579  000.060: require('plugins.configs.ts-error-translator')
018.222  000.003  000.003: sourcing nvim_exec2() called at /root/.config/nvim/init.lua:0
018.231  000.001  000.001: sourcing nvim_exec2() called at /root/.config/nvim/init.lua:0
018.737  000.454  000.454: require('boole')
018.762  000.528  000.075: require('plugins.configs.boole')
018.792  000.003  000.003: sourcing nvim_exec2() called at /root/.config/nvim/init.lua:0
018.796  000.001  000.001: sourcing nvim_exec2() called at /root/.config/nvim/init.lua:0
018.970  000.143  000.143: require('mini.starter')
018.995  000.196  000.053: require('plugins.configs.mini-starter')
019.093  000.003  000.003: sourcing nvim_exec2() called at /root/.config/nvim/init.lua:0
019.099  000.001  000.001: sourcing nvim_exec2() called at /root/.config/nvim/init.lua:0
019.264  000.028  000.028: require('notifier.config')
019.267  000.056  000.029: require('notifier.status')
019.269  000.168  000.111: require('notifier')
019.477  000.089  000.089: require('trim.trimmer')
019.481  000.114  000.025: sourcing /root/.local/share/nvim/lazy/trim.nvim/plugin/trim.lua
019.483  000.131  000.017: sourcing nvim_exec2() called at /root/.config/nvim/init.lua:0
019.488  000.001  000.001: sourcing nvim_exec2() called at /root/.config/nvim/init.lua:0
019.493  000.001  000.001: sourcing nvim_exec2() called at /root/.config/nvim/init.lua:0
019.573  000.018  000.018: require('trim.config')
019.575  000.061  000.043: require('trim')
019.596  000.100  000.039: require('plugins.configs.trim')
019.700  000.002  000.002: sourcing nvim_exec2() called at /root/.config/nvim/init.lua:0
019.705  000.001  000.001: sourcing nvim_exec2() called at /root/.config/nvim/init.lua:0
019.829  000.016  000.016: sourcing /root/.local/share/nvim/lazy/plenary.nvim/plugin/plenary.vim
019.832  000.031  000.016: sourcing nvim_exec2() called at /root/.config/nvim/init.lua:0
019.835  000.001  000.001: sourcing nvim_exec2() called at /root/.config/nvim/init.lua:0
019.840  000.001  000.001: sourcing nvim_exec2() called at /root/.config/nvim/init.lua:0
019.861  000.001  000.001: sourcing nvim_exec2() called at /root/.config/nvim/init.lua:0
019.865  000.000  000.000: sourcing nvim_exec2() called at /root/.config/nvim/init.lua:0
020.135  000.065  000.065: require('hardtime.config')
020.274  000.137  000.137: require('hardtime.log')
020.292  000.242  000.040: require('hardtime.util')
020.300  000.409  000.167: require('hardtime')
020.303  000.436  000.027: require('plugins.configs.hardtime')
020.336  000.003  000.003: sourcing nvim_exec2() called at /root/.config/nvim/init.lua:0
020.341  000.001  000.001: sourcing nvim_exec2() called at /root/.config/nvim/init.lua:0
020.517  000.122  000.122: require('rayso')
020.562  000.017  000.017: require('lib.params')
020.563  000.039  000.022: require('lib.create')
020.573  000.230  000.069: require('plugins.configs.rayso')
020.921  000.016  000.016: require('nvim-ts-autotag._log')
020.940  000.017  000.017: require('nvim-ts-autotag.config.init')
021.192  000.022  000.022: require('vim.treesitter.language')
021.210  000.016  000.016: require('vim.func')
021.232  000.020  000.020: require('vim.func._memoize')
021.250  000.129  000.071: require('vim.treesitter.query')
021.274  000.023  000.023: require('vim.treesitter._range')
021.293  000.260  000.108: require('vim.treesitter.languagetree')
021.298  000.289  000.029: require('vim.treesitter')
021.300  000.312  000.022: require('nvim-ts-autotag.utils')
021.302  000.332  000.020: require('nvim-ts-autotag.config.ft')
021.305  000.364  000.033: require('nvim-ts-autotag.config.plugin')
021.310  000.434  000.038: require('nvim-ts-autotag.internal')
021.311  000.622  000.188: require('nvim-ts-autotag')
021.890  000.049  000.049: require('nvim-treesitter.utils')
022.802  000.910  000.910: require('nvim-treesitter.parsers')
023.042  000.043  000.043: require('nvim-treesitter.compat')
023.185  000.104  000.104: require('nvim-treesitter.ts_utils')
023.190  000.146  000.042: require('nvim-treesitter.tsrange')
023.221  000.030  000.030: require('nvim-treesitter.caching')
023.230  000.305  000.087: require('nvim-treesitter.query')
023.245  000.385  000.079: require('nvim-treesitter.configs')
023.248  000.443  000.058: require('nvim-treesitter.info')
023.308  000.059  000.059: require('nvim-treesitter.shell_command_selectors')
023.334  001.581  000.120: require('nvim-treesitter.install')
023.362  000.027  000.027: require('nvim-treesitter.statusline')
023.404  000.041  000.041: require('nvim-treesitter.query_predicates')
023.407  001.776  000.127: require('nvim-treesitter')
023.489  000.079  000.079: require('vim.iter')
023.938  002.333  000.478: sourcing /root/.local/share/nvim/lazy/nvim-treesitter/plugin/nvim-treesitter.lua
023.942  002.351  000.019: sourcing nvim_exec2() called at /root/.local/share/nvim/lazy/nvim-ts-autotag/plugin/nvim-ts-autotag.lua:0
023.948  000.001  000.001: sourcing nvim_exec2() called at /root/.local/share/nvim/lazy/nvim-ts-autotag/plugin/nvim-ts-autotag.lua:0
023.957  000.001  000.001: sourcing nvim_exec2() called at /root/.local/share/nvim/lazy/nvim-ts-autotag/plugin/nvim-ts-autotag.lua:0
024.776  000.143  000.143: require('nvim-treesitter.indent')
024.869  000.064  000.064: require('nvim-treesitter.highlight')
024.872  000.912  000.705: require('plugins.configs.treesitter')
024.874  003.562  000.297: require('nvim-treesitter')
024.921  004.272  000.088: sourcing /root/.local/share/nvim/lazy/nvim-ts-autotag/plugin/nvim-ts-autotag.lua
024.925  004.290  000.017: sourcing nvim_exec2() called at /root/.config/nvim/init.lua:0
024.931  000.002  000.002: sourcing nvim_exec2() called at /root/.config/nvim/init.lua:0
024.942  000.001  000.001: sourcing nvim_exec2() called at /root/.config/nvim/init.lua:0
025.794  000.850  000.850: require('plugins.configs.ts-autotag')
025.832  000.003  000.003: sourcing nvim_exec2() called at /root/.config/nvim/init.lua:0
025.837  000.001  000.001: sourcing nvim_exec2() called at /root/.config/nvim/init.lua:0
026.054  000.021  000.021: require('arrow.config')
026.143  000.087  000.087: require('arrow.utils')
026.384  000.028  000.028: require('arrow.git')
026.391  000.177  000.149: require('arrow.persist')
026.416  000.024  000.024: require('arrow.integration.icons')
026.419  000.274  000.074: require('arrow.ui')
026.485  000.035  000.035: require('arrow.json')
026.489  000.069  000.033: require('arrow.buffer_persist')
026.565  000.052  000.052: require('arrow.buffer_ui')
026.568  000.078  000.026: require('arrow.commands')
026.588  000.019  000.019: require('arrow.save_keys')
026.589  000.686  000.138: require('arrow')
026.596  000.005  000.005: sourcing nvim_exec2() called at /root/.config/nvim/init.lua:0
026.599  000.002  000.002: sourcing nvim_exec2() called at /root/.config/nvim/init.lua:0
026.602  000.001  000.001: sourcing nvim_exec2() called at /root/.config/nvim/init.lua:0
026.604  000.001  000.001: sourcing nvim_exec2() called at /root/.config/nvim/init.lua:0
026.745  000.873  000.178: require('plugins.configs.arrow')
026.812  000.002  000.002: sourcing nvim_exec2() called at /root/.config/nvim/init.lua:0
026.818  000.001  000.001: sourcing nvim_exec2() called at /root/.config/nvim/init.lua:0
027.103  000.247  000.247: require('mini.surround')
028.502  001.681  001.433: require('plugins.configs.mini-surround')
028.647  000.044  000.044: sourcing /root/.local/share/nvim/lazy/neo-tree.nvim/plugin/neo-tree.lua
028.651  000.062  000.019: sourcing nvim_exec2() called at /root/.config/nvim/init.lua:0
028.655  000.002  000.002: sourcing nvim_exec2() called at /root/.config/nvim/init.lua:0
028.677  000.001  000.001: sourcing nvim_exec2() called at /root/.config/nvim/init.lua:0
028.903  000.002  000.002: sourcing nvim_exec2() called at /root/.config/nvim/init.lua:0
028.908  000.001  000.001: sourcing nvim_exec2() called at /root/.config/nvim/init.lua:0
029.529  000.616  000.616: require('mini.icons')
029.602  000.003  000.003: sourcing nvim_exec2() called at /root/.config/nvim/init.lua:0
029.607  000.001  000.001: sourcing nvim_exec2() called at /root/.config/nvim/init.lua:0
029.778  000.127  000.127: require('oil')
029.804  000.024  000.024: require('oil.ringbuf')
029.847  000.043  000.043: require('oil.config')
031.170  001.187  001.187: require('vim.filetype')
031.747  000.059  000.059: require('oil.log')
031.756  000.157  000.098: require('oil.fs')
031.933  000.066  000.066: require('oil.constants')
031.949  000.191  000.124: require('oil.util')
032.297  000.157  000.157: sourcing /root/.local/share/nvim/lazy/telescope.nvim/plugin/telescope.lua
032.301  000.178  000.021: sourcing nvim_exec2() called at /root/.config/nvim/init.lua:0
032.308  000.002  000.002: sourcing nvim_exec2() called at /root/.config/nvim/init.lua:0
032.316  000.001  000.001: sourcing nvim_exec2() called at /root/.config/nvim/init.lua:0
032.606  000.039  000.039: require('telescope._extensions')
032.610  000.251  000.212: require('telescope')
032.985  000.003  000.003: sourcing nvim_exec2() called at /root/.config/nvim/init.lua:0
033.002  000.001  000.001: sourcing nvim_exec2() called at /root/.config/nvim/init.lua:0
033.310  000.266  000.266: require('aerial')
033.785  000.085  000.085: require('plenary.bit')
033.827  000.039  000.039: require('plenary.functional')
033.856  000.260  000.136: require('plenary.path')
033.866  000.361  000.101: require('plenary.strings')
034.048  000.072  000.072: require('plenary.log')
034.218  000.290  000.217: require('telescope.log')
034.501  000.055  000.055: require('plenary.compat')
034.508  000.148  000.094: require('plenary.job')
034.543  000.034  000.034: require('telescope.state')
034.582  000.035  000.035: require('vim.hl')
034.592  000.372  000.155: require('telescope.utils')
034.597  000.730  000.068: require('telescope.sorters')
036.639  003.258  002.167: require('telescope.config')
036.714  000.027  000.027: require('telescope.config.resolve')
036.716  000.074  000.047: require('telescope.pickers.entry_display')
036.819  000.076  000.076: require('telescope.make_entry')
036.966  000.017  000.017: require('plenary.tbl')
036.968  000.036  000.019: require('plenary.vararg.rotate')
036.994  000.086  000.050: require('plenary.vararg')
037.010  000.016  000.016: require('plenary.errors')
037.013  000.124  000.022: require('plenary.async.async')
037.119  000.020  000.020: require('plenary.async.structs')
037.123  000.076  000.056: require('plenary.async.control')
037.126  000.097  000.021: require('plenary.async.util')
037.128  000.114  000.017: require('plenary.async.tests')
037.129  000.271  000.033: require('plenary.async')
037.130  000.311  000.040: require('telescope.finders.async_static_finder')
037.230  000.019  000.019: require('plenary.class')
037.238  000.074  000.055: require('telescope._')
037.239  000.108  000.034: require('telescope.finders.async_oneshot_finder')
037.261  000.021  000.021: require('telescope.finders.async_job_finder')
037.264  000.548  000.031: require('telescope.finders')
037.395  000.025  000.025: require('plenary.window.border')
037.414  000.018  000.018: require('plenary.window')
037.431  000.016  000.016: require('plenary.popup.utils')
037.433  000.097  000.038: require('plenary.popup')
037.530  000.023  000.023: require('telescope.pickers.scroller')
037.552  000.020  000.020: require('telescope.actions.state')
037.574  000.021  000.021: require('telescope.actions.utils')
037.625  000.023  000.023: require('telescope.actions.mt')
037.639  000.064  000.041: require('telescope.actions.set')
037.680  000.040  000.040: require('telescope.from_entry')
037.817  000.383  000.214: require('telescope.actions')
037.856  000.038  000.038: require('telescope.debounce')
037.901  000.044  000.044: require('telescope.mappings')
038.219  000.317  000.317: require('telescope.pickers.highlights')
038.258  000.035  000.035: require('telescope.pickers.window')
038.279  000.021  000.021: require('telescope.pickers.layout')
038.324  000.021  000.021: require('telescope.algos.linked_list')
038.326  000.046  000.025: require('telescope.entry_manager')
038.345  000.019  000.019: require('telescope.pickers.multi')
038.355  001.090  000.091: require('telescope.pickers')
038.357  005.745  000.506: require('telescope._extensions.aerial')
038.950  006.630  000.634: require('plugins.configs.telescope')
039.021  000.027  000.027: sourcing /root/.local/share/nvim/lazy/nvim-scissors/plugin/ex-commands.lua
039.024  000.048  000.020: sourcing nvim_exec2() called at /root/.config/nvim/init.lua:0
039.029  000.002  000.002: sourcing nvim_exec2() called at /root/.config/nvim/init.lua:0
039.034  000.001  000.001: sourcing nvim_exec2() called at /root/.config/nvim/init.lua:0
039.096  000.001  000.001: sourcing nvim_exec2() called at /root/.config/nvim/init.lua:0
039.100  000.001  000.001: sourcing nvim_exec2() called at /root/.config/nvim/init.lua:0
039.334  000.205  000.205: require('mini.ai')
039.501  000.397  000.192: require('plugins.configs.mini-ai')
039.596  000.016  000.016: sourcing /root/.local/share/nvim/lazy/todo-comments.nvim/plugin/todo.vim
039.598  000.033  000.017: sourcing nvim_exec2() called at /root/.config/nvim/init.lua:0
039.601  000.001  000.001: sourcing nvim_exec2() called at /root/.config/nvim/init.lua:0
039.607  000.001  000.001: sourcing nvim_exec2() called at /root/.config/nvim/init.lua:0
039.822  000.018  000.018: require('todo-comments.util')
039.826  000.048  000.030: require('todo-comments.config')
039.872  000.028  000.028: require('todo-comments.highlight')
039.874  000.047  000.019: require('todo-comments.jump')
039.875  000.236  000.141: require('todo-comments')
039.884  000.275  000.039: require('plugins.configs.todo-comments')
039.989  000.038  000.038: sourcing /root/.local/share/nvim/lazy/nvim-colorizer.lua/plugin/colorizer.lua
039.992  000.055  000.016: sourcing nvim_exec2() called at /root/.config/nvim/init.lua:0
039.996  000.002  000.002: sourcing nvim_exec2() called at /root/.config/nvim/init.lua:0
040.003  000.001  000.001: sourcing nvim_exec2() called at /root/.config/nvim/init.lua:0
040.242  000.017  000.017: require('colorizer.color')
040.261  000.017  000.017: require('colorizer.constants')
040.310  000.028  000.028: require('colorizer.trie')
040.424  000.093  000.093: require('colorizer.utils')
040.427  000.116  000.023: require('colorizer.parser.names')
040.451  000.023  000.023: require('colorizer.parser.argb_hex')
040.468  000.017  000.017: require('colorizer.parser.hsl')
040.484  000.015  000.015: require('colorizer.parser.rgb')
040.501  000.016  000.016: require('colorizer.parser.rgba_hex')
040.518  000.015  000.015: require('colorizer.parser.oklch')
040.545  000.026  000.026: require('colorizer.sass')
040.649  000.103  000.103: require('colorizer.parser.xterm')
040.651  000.389  000.029: require('colorizer.matcher')
040.677  000.025  000.025: require('colorizer.tailwind')
040.679  000.477  000.029: require('colorizer.buffer')
040.701  000.022  000.022: require('colorizer.config')
040.710  000.685  000.186: require('colorizer')
040.785  000.021  000.021: require('colorizer.usercmds')
040.791  000.786  000.080: require('plugins.configs.colorizer')
040.952  000.098  000.098: sourcing /root/.local/share/nvim/lazy/hop.nvim/plugin/hop.vim
040.954  000.113  000.015: sourcing nvim_exec2() called at /root/.config/nvim/init.lua:0
040.957  000.001  000.001: sourcing nvim_exec2() called at /root/.config/nvim/init.lua:0
040.962  000.001  000.001: sourcing nvim_exec2() called at /root/.config/nvim/init.lua:0
041.129  000.145  000.145: require('hop')
041.176  000.021  000.021: require('hop.perm')
041.216  000.016  000.016: require('hop.priority')
041.218  000.040  000.024: require('hop.hint')
041.219  000.088  000.027: require('hop.defaults')
041.237  000.017  000.017: require('hop.highlight')
041.260  000.295  000.045: require('plugins.configs.hop')
041.369  000.030  000.030: sourcing /usr/share/nvim/runtime/plugin/editorconfig.lua
041.371  000.045  000.015: sourcing nvim_exec2() called at /root/.config/nvim/init.lua:0
041.394  000.011  000.011: sourcing /usr/share/nvim/runtime/plugin/gzip.vim
041.396  000.022  000.011: sourcing nvim_exec2() called at /root/.config/nvim/init.lua:0
041.434  000.028  000.028: sourcing /usr/share/nvim/runtime/plugin/man.lua
041.436  000.038  000.009: sourcing nvim_exec2() called at /root/.config/nvim/init.lua:0
041.773  000.124  000.124: sourcing /usr/share/nvim/runtime/pack/dist/opt/matchit/plugin/matchit.vim
041.783  000.336  000.213: sourcing /usr/share/nvim/runtime/plugin/matchit.vim
041.784  000.346  000.010: sourcing nvim_exec2() called at /root/.config/nvim/init.lua:0
041.866  000.068  000.068: sourcing /usr/share/nvim/runtime/plugin/matchparen.vim
041.868  000.078  000.011: sourcing nvim_exec2() called at /root/.config/nvim/init.lua:0
041.883  000.004  000.004: sourcing /usr/share/nvim/runtime/plugin/netrwPlugin.vim
041.885  000.015  000.011: sourcing nvim_exec2() called at /root/.config/nvim/init.lua:0
041.925  000.031  000.031: sourcing /usr/share/nvim/runtime/plugin/osc52.lua
041.927  000.039  000.009: sourcing nvim_exec2() called at /root/.config/nvim/init.lua:0
042.014  000.076  000.076: sourcing /usr/share/nvim/runtime/plugin/rplugin.vim
042.016  000.086  000.010: sourcing nvim_exec2() called at /root/.config/nvim/init.lua:0
042.067  000.040  000.040: sourcing /usr/share/nvim/runtime/plugin/shada.vim
042.069  000.050  000.010: sourcing nvim_exec2() called at /root/.config/nvim/init.lua:0
042.094  000.009  000.009: sourcing /usr/share/nvim/runtime/plugin/spellfile.vim
042.096  000.024  000.016: sourcing nvim_exec2() called at /root/.config/nvim/init.lua:0
042.115  000.006  000.006: sourcing /usr/share/nvim/runtime/plugin/tarPlugin.vim
042.117  000.018  000.012: sourcing nvim_exec2() called at /root/.config/nvim/init.lua:0
042.155  000.025  000.025: sourcing /usr/share/nvim/runtime/plugin/tohtml.lua
042.157  000.038  000.013: sourcing nvim_exec2() called at /root/.config/nvim/init.lua:0
042.179  000.010  000.010: sourcing /usr/share/nvim/runtime/plugin/tutor.vim
042.180  000.021  000.011: sourcing nvim_exec2() called at /root/.config/nvim/init.lua:0
042.205  000.006  000.006: sourcing /usr/share/nvim/runtime/plugin/zipPlugin.vim
042.207  000.023  000.017: sourcing nvim_exec2() called at /root/.config/nvim/init.lua:0
042.341  037.086  007.598: require('plugins')
042.983  000.053  000.053: sourcing /root/.local/share/nvim/lazy/everforest/autoload/everforest.vim
047.949  005.083  005.030: sourcing /root/.local/share/nvim/lazy/everforest/colors/everforest.vim
049.605  000.009  000.009: sourcing nvim_exec2() called at ColorScheme Autocommands for "*":0
050.026  000.002  000.002: sourcing nvim_exec2() called at ColorScheme Autocommands for "*":0
050.030  000.001  000.001: sourcing nvim_exec2() called at ColorScheme Autocommands for "*":0
050.032  000.001  000.001: sourcing nvim_exec2() called at ColorScheme Autocommands for "*":0
050.034  000.001  000.001: sourcing nvim_exec2() called at ColorScheme Autocommands for "*":0
050.036  000.001  000.001: sourcing nvim_exec2() called at ColorScheme Autocommands for "*":0
050.039  000.001  000.001: sourcing nvim_exec2() called at ColorScheme Autocommands for "*":0
050.041  000.001  000.001: sourcing nvim_exec2() called at ColorScheme Autocommands for "*":0
050.043  000.001  000.001: sourcing nvim_exec2() called at ColorScheme Autocommands for "*":0
050.044  000.001  000.001: sourcing nvim_exec2() called at ColorScheme Autocommands for "*":0
050.046  000.001  000.001: sourcing nvim_exec2() called at ColorScheme Autocommands for "*":0
050.048  000.001  000.001: sourcing nvim_exec2() called at ColorScheme Autocommands for "*":0
050.049  000.001  000.001: sourcing nvim_exec2() called at ColorScheme Autocommands for "*":0
050.051  000.001  000.001: sourcing nvim_exec2() called at ColorScheme Autocommands for "*":0
050.053  000.001  000.001: sourcing nvim_exec2() called at ColorScheme Autocommands for "*":0
050.055  000.001  000.001: sourcing nvim_exec2() called at ColorScheme Autocommands for "*":0
050.064  000.009  000.009: sourcing nvim_exec2() called at ColorScheme Autocommands for "*":0
050.066  000.001  000.001: sourcing nvim_exec2() called at ColorScheme Autocommands for "*":0
050.068  000.001  000.001: sourcing nvim_exec2() called at ColorScheme Autocommands for "*":0
050.070  000.001  000.001: sourcing nvim_exec2() called at ColorScheme Autocommands for "*":0
050.072  000.001  000.001: sourcing nvim_exec2() called at ColorScheme Autocommands for "*":0
050.074  000.001  000.001: sourcing nvim_exec2() called at ColorScheme Autocommands for "*":0
050.076  000.001  000.001: sourcing nvim_exec2() called at ColorScheme Autocommands for "*":0
050.078  000.001  000.001: sourcing nvim_exec2() called at ColorScheme Autocommands for "*":0
050.079  000.001  000.001: sourcing nvim_exec2() called at ColorScheme Autocommands for "*":0
050.083  000.001  000.001: sourcing nvim_exec2() called at ColorScheme Autocommands for "*":0
050.084  000.001  000.001: sourcing nvim_exec2() called at ColorScheme Autocommands for "*":0
050.086  000.001  000.001: sourcing nvim_exec2() called at ColorScheme Autocommands for "*":0
050.088  000.001  000.001: sourcing nvim_exec2() called at ColorScheme Autocommands for "*":0
050.090  000.001  000.001: sourcing nvim_exec2() called at ColorScheme Autocommands for "*":0
050.091  000.001  000.001: sourcing nvim_exec2() called at ColorScheme Autocommands for "*":0
050.093  000.001  000.001: sourcing nvim_exec2() called at ColorScheme Autocommands for "*":0
050.095  000.001  000.001: sourcing nvim_exec2() called at ColorScheme Autocommands for "*":0
050.096  000.001  000.001: sourcing nvim_exec2() called at ColorScheme Autocommands for "*":0
050.098  000.001  000.001: sourcing nvim_exec2() called at ColorScheme Autocommands for "*":0
050.100  000.001  000.001: sourcing nvim_exec2() called at ColorScheme Autocommands for "*":0
050.102  000.001  000.001: sourcing nvim_exec2() called at ColorScheme Autocommands for "*":0
050.103  000.001  000.001: sourcing nvim_exec2() called at ColorScheme Autocommands for "*":0
050.105  000.001  000.001: sourcing nvim_exec2() called at ColorScheme Autocommands for "*":0
050.106  000.001  000.001: sourcing nvim_exec2() called at ColorScheme Autocommands for "*":0
050.108  000.001  000.001: sourcing nvim_exec2() called at ColorScheme Autocommands for "*":0
050.110  000.001  000.001: sourcing nvim_exec2() called at ColorScheme Autocommands for "*":0
050.111  000.001  000.001: sourcing nvim_exec2() called at ColorScheme Autocommands for "*":0
050.115  000.001  000.001: sourcing nvim_exec2() called at ColorScheme Autocommands for "*":0
050.117  000.001  000.001: sourcing nvim_exec2() called at ColorScheme Autocommands for "*":0
050.118  000.001  000.001: sourcing nvim_exec2() called at ColorScheme Autocommands for "*":0
050.120  000.001  000.001: sourcing nvim_exec2() called at ColorScheme Autocommands for "*":0
050.122  000.001  000.001: sourcing nvim_exec2() called at ColorScheme Autocommands for "*":0
050.124  000.001  000.001: sourcing nvim_exec2() called at ColorScheme Autocommands for "*":0
050.125  000.001  000.001: sourcing nvim_exec2() called at ColorScheme Autocommands for "*":0
050.127  000.001  000.001: sourcing nvim_exec2() called at ColorScheme Autocommands for "*":0
050.129  000.001  000.001: sourcing nvim_exec2() called at ColorScheme Autocommands for "*":0
050.131  000.001  000.001: sourcing nvim_exec2() called at ColorScheme Autocommands for "*":0
050.132  000.001  000.001: sourcing nvim_exec2() called at ColorScheme Autocommands for "*":0
050.134  000.001  000.001: sourcing nvim_exec2() called at ColorScheme Autocommands for "*":0
050.136  000.001  000.001: sourcing nvim_exec2() called at ColorScheme Autocommands for "*":0
050.137  000.001  000.001: sourcing nvim_exec2() called at ColorScheme Autocommands for "*":0
050.158  000.001  000.001: sourcing nvim_exec2() called at ColorScheme Autocommands for "*":0
050.160  000.001  000.001: sourcing nvim_exec2() called at ColorScheme Autocommands for "*":0
050.164  000.001  000.001: sourcing nvim_exec2() called at ColorScheme Autocommands for "*":0
050.166  000.001  000.001: sourcing nvim_exec2() called at ColorScheme Autocommands for "*":0
050.168  000.001  000.001: sourcing nvim_exec2() called at ColorScheme Autocommands for "*":0
050.170  000.001  000.001: sourcing nvim_exec2() called at ColorScheme Autocommands for "*":0
050.172  000.001  000.001: sourcing nvim_exec2() called at ColorScheme Autocommands for "*":0
050.173  000.001  000.001: sourcing nvim_exec2() called at ColorScheme Autocommands for "*":0
050.175  000.001  000.001: sourcing nvim_exec2() called at ColorScheme Autocommands for "*":0
050.176  000.001  000.001: sourcing nvim_exec2() called at ColorScheme Autocommands for "*":0
050.178  000.001  000.001: sourcing nvim_exec2() called at ColorScheme Autocommands for "*":0
050.180  000.001  000.001: sourcing nvim_exec2() called at ColorScheme Autocommands for "*":0
050.181  000.001  000.001: sourcing nvim_exec2() called at ColorScheme Autocommands for "*":0
050.183  000.001  000.001: sourcing nvim_exec2() called at ColorScheme Autocommands for "*":0
050.185  000.001  000.001: sourcing nvim_exec2() called at ColorScheme Autocommands for "*":0
050.186  000.001  000.001: sourcing nvim_exec2() called at ColorScheme Autocommands for "*":0
050.188  000.001  000.001: sourcing nvim_exec2() called at ColorScheme Autocommands for "*":0
050.190  000.001  000.001: sourcing nvim_exec2() called at ColorScheme Autocommands for "*":0
050.191  000.001  000.001: sourcing nvim_exec2() called at ColorScheme Autocommands for "*":0
050.194  000.001  000.001: sourcing nvim_exec2() called at ColorScheme Autocommands for "*":0
050.196  000.001  000.001: sourcing nvim_exec2() called at ColorScheme Autocommands for "*":0
050.197  000.001  000.001: sourcing nvim_exec2() called at ColorScheme Autocommands for "*":0
050.199  000.001  000.001: sourcing nvim_exec2() called at ColorScheme Autocommands for "*":0
050.201  000.001  000.001: sourcing nvim_exec2() called at ColorScheme Autocommands for "*":0
050.203  000.001  000.001: sourcing nvim_exec2() called at ColorScheme Autocommands for "*":0
050.205  000.001  000.001: sourcing nvim_exec2() called at ColorScheme Autocommands for "*":0
050.206  000.001  000.001: sourcing nvim_exec2() called at ColorScheme Autocommands for "*":0
050.208  000.001  000.001: sourcing nvim_exec2() called at ColorScheme Autocommands for "*":0
050.226  000.001  000.001: sourcing nvim_exec2() called at ColorScheme Autocommands for "*":0
050.239  000.002  000.002: sourcing nvim_exec2() called at ColorScheme Autocommands for "*":0
050.247  000.001  000.001: sourcing nvim_exec2() called at ColorScheme Autocommands for "*":0
050.251  000.001  000.001: sourcing nvim_exec2() called at ColorScheme Autocommands for "*":0
050.281  000.027  000.027: sourcing nvim_exec2() called at ColorScheme Autocommands for "*":0
050.296  000.002  000.002: sourcing nvim_exec2() called at ColorScheme Autocommands for "*":0
050.384  000.002  000.002: sourcing nvim_exec2() called at ColorScheme Autocommands for "*":0
050.389  000.001  000.001: sourcing nvim_exec2() called at ColorScheme Autocommands for "*":0
050.395  000.002  000.002: sourcing nvim_exec2() called at ColorScheme Autocommands for "*":0
050.401  000.002  000.002: sourcing nvim_exec2() called at ColorScheme Autocommands for "*":0
050.404  000.001  000.001: sourcing nvim_exec2() called at ColorScheme Autocommands for "*":0
050.409  000.001  000.001: sourcing nvim_exec2() called at ColorScheme Autocommands for "*":0
050.413  000.001  000.001: sourcing nvim_exec2() called at ColorScheme Autocommands for "*":0
050.416  000.001  000.001: sourcing nvim_exec2() called at ColorScheme Autocommands for "*":0
050.422  000.002  000.002: sourcing nvim_exec2() called at ColorScheme Autocommands for "*":0
050.425  000.001  000.001: sourcing nvim_exec2() called at ColorScheme Autocommands for "*":0
050.430  000.001  000.001: sourcing nvim_exec2() called at ColorScheme Autocommands for "*":0
050.433  000.001  000.001: sourcing nvim_exec2() called at ColorScheme Autocommands for "*":0
050.438  000.001  000.001: sourcing nvim_exec2() called at ColorScheme Autocommands for "*":0
050.440  000.001  000.001: sourcing nvim_exec2() called at ColorScheme Autocommands for "*":0
050.443  000.001  000.001: sourcing nvim_exec2() called at ColorScheme Autocommands for "*":0
050.448  000.001  000.001: sourcing nvim_exec2() called at ColorScheme Autocommands for "*":0
050.451  000.001  000.001: sourcing nvim_exec2() called at ColorScheme Autocommands for "*":0
050.460  000.008  000.008: sourcing nvim_exec2() called at ColorScheme Autocommands for "*":0
050.540  000.003  000.003: sourcing nvim_exec2() called at ColorScheme Autocommands for "*":0
050.545  000.001  000.001: sourcing nvim_exec2() called at ColorScheme Autocommands for "*":0
050.579  000.002  000.002: sourcing nvim_exec2() called at ColorScheme Autocommands for "*":0
050.584  000.001  000.001: sourcing nvim_exec2() called at ColorScheme Autocommands for "*":0
050.590  000.001  000.001: sourcing nvim_exec2() called at ColorScheme Autocommands for "*":0
050.595  000.001  000.001: sourcing nvim_exec2() called at ColorScheme Autocommands for "*":0
050.599  000.001  000.001: sourcing nvim_exec2() called at ColorScheme Autocommands for "*":0
050.642  000.003  000.003: sourcing nvim_exec2() called at ColorScheme Autocommands for "*":0
050.648  000.003  000.003: sourcing nvim_exec2() called at ColorScheme Autocommands for "*":0
050.699  000.003  000.003: sourcing nvim_exec2() called at ColorScheme Autocommands for "*":0
050.705  000.001  000.001: sourcing nvim_exec2() called at ColorScheme Autocommands for "*":0
050.708  000.001  000.001: sourcing nvim_exec2() called at ColorScheme Autocommands for "*":0
050.712  000.001  000.001: sourcing nvim_exec2() called at ColorScheme Autocommands for "*":0
050.716  000.001  000.001: sourcing nvim_exec2() called at ColorScheme Autocommands for "*":0
050.719  000.001  000.001: sourcing nvim_exec2() called at ColorScheme Autocommands for "*":0
050.724  000.001  000.001: sourcing nvim_exec2() called at ColorScheme Autocommands for "*":0
050.729  000.001  000.001: sourcing nvim_exec2() called at ColorScheme Autocommands for "*":0
050.733  000.001  000.001: sourcing nvim_exec2() called at ColorScheme Autocommands for "*":0
050.737  000.001  000.001: sourcing nvim_exec2() called at ColorScheme Autocommands for "*":0
050.740  000.001  000.001: sourcing nvim_exec2() called at ColorScheme Autocommands for "*":0
050.744  000.001  000.001: sourcing nvim_exec2() called at ColorScheme Autocommands for "*":0
050.747  000.001  000.001: sourcing nvim_exec2() called at ColorScheme Autocommands for "*":0
050.751  000.001  000.001: sourcing nvim_exec2() called at ColorScheme Autocommands for "*":0
050.756  000.001  000.001: sourcing nvim_exec2() called at ColorScheme Autocommands for "*":0
050.760  000.001  000.001: sourcing nvim_exec2() called at ColorScheme Autocommands for "*":0
050.764  000.001  000.001: sourcing nvim_exec2() called at ColorScheme Autocommands for "*":0
050.768  000.001  000.001: sourcing nvim_exec2() called at ColorScheme Autocommands for "*":0
050.771  000.001  000.001: sourcing nvim_exec2() called at ColorScheme Autocommands for "*":0
050.775  000.001  000.001: sourcing nvim_exec2() called at ColorScheme Autocommands for "*":0
050.778  000.001  000.001: sourcing nvim_exec2() called at ColorScheme Autocommands for "*":0
050.784  000.003  000.003: sourcing nvim_exec2() called at ColorScheme Autocommands for "*":0
050.788  000.001  000.001: sourcing nvim_exec2() called at ColorScheme Autocommands for "*":0
050.790  000.001  000.001: sourcing nvim_exec2() called at ColorScheme Autocommands for "*":0
050.795  000.002  000.002: sourcing nvim_exec2() called at ColorScheme Autocommands for "*":0
050.861  000.002  000.002: sourcing nvim_exec2() called at ColorScheme Autocommands for "*":0
050.867  000.001  000.001: sourcing nvim_exec2() called at ColorScheme Autocommands for "*":0
050.871  000.001  000.001: sourcing nvim_exec2() called at ColorScheme Autocommands for "*":0
050.875  000.001  000.001: sourcing nvim_exec2() called at ColorScheme Autocommands for "*":0
050.878  000.001  000.001: sourcing nvim_exec2() called at ColorScheme Autocommands for "*":0
050.881  000.001  000.001: sourcing nvim_exec2() called at ColorScheme Autocommands for "*":0
050.886  000.001  000.001: sourcing nvim_exec2() called at ColorScheme Autocommands for "*":0
050.891  000.001  000.001: sourcing nvim_exec2() called at ColorScheme Autocommands for "*":0
050.897  000.001  000.001: sourcing nvim_exec2() called at ColorScheme Autocommands for "*":0
050.901  000.001  000.001: sourcing nvim_exec2() called at ColorScheme Autocommands for "*":0
050.904  000.001  000.001: sourcing nvim_exec2() called at ColorScheme Autocommands for "*":0
050.908  000.001  000.001: sourcing nvim_exec2() called at ColorScheme Autocommands for "*":0
050.966  000.002  000.002: sourcing nvim_exec2() called at ColorScheme Autocommands for "*":0
050.979  000.008  000.008: sourcing nvim_exec2() called at ColorScheme Autocommands for "*":0
050.985  000.001  000.001: sourcing nvim_exec2() called at ColorScheme Autocommands for "*":0
050.990  000.001  000.001: sourcing nvim_exec2() called at ColorScheme Autocommands for "*":0
050.993  000.001  000.001: sourcing nvim_exec2() called at ColorScheme Autocommands for "*":0
050.996  000.001  000.001: sourcing nvim_exec2() called at ColorScheme Autocommands for "*":0
051.000  000.001  000.001: sourcing nvim_exec2() called at ColorScheme Autocommands for "*":0
051.016  000.001  000.001: sourcing nvim_exec2() called at ColorScheme Autocommands for "*":0
051.019  000.001  000.001: sourcing nvim_exec2() called at ColorScheme Autocommands for "*":0
051.026  000.001  000.001: sourcing nvim_exec2() called at ColorScheme Autocommands for "*":0
051.028  000.001  000.001: sourcing nvim_exec2() called at ColorScheme Autocommands for "*":0
051.034  000.001  000.001: sourcing nvim_exec2() called at ColorScheme Autocommands for "*":0
051.036  000.001  000.001: sourcing nvim_exec2() called at ColorScheme Autocommands for "*":0
051.039  000.001  000.001: sourcing nvim_exec2() called at ColorScheme Autocommands for "*":0
051.044  000.001  000.001: sourcing nvim_exec2() called at ColorScheme Autocommands for "*":0
051.047  000.001  000.001: sourcing nvim_exec2() called at ColorScheme Autocommands for "*":0
051.098  000.008  000.008: sourcing nvim_exec2() called at ColorScheme Autocommands for "*":0
051.118  000.003  000.003: sourcing nvim_exec2() called at ColorScheme Autocommands for "*":0
051.130  000.008  000.008: sourcing nvim_exec2() called at ColorScheme Autocommands for "*":0
051.136  000.004  000.004: sourcing nvim_exec2() called at ColorScheme Autocommands for "*":0
051.140  000.002  000.002: sourcing nvim_exec2() called at ColorScheme Autocommands for "*":0
051.214  048.592  003.603: sourcing /root/.config/nvim/init.lua
051.221  000.069: sourcing vimrc file(s)
051.227  000.006: inits 3
052.853  001.626: reading ShaDa
052.935  000.082: opening buffers
052.985  000.050: BufEnter autocommands
052.987  000.002: editing files in windows
053.335  000.146  000.146: sourcing /usr/share/nvim/runtime/autoload/provider/clipboard.vim
053.346  000.006  000.006: sourcing nvim_exec2() called at nvim_exec2() called at VimEnter Autocommands for "*":0:1
053.396  000.047  000.047: sourcing nvim_exec2() called at nvim_exec2() called at VimEnter Autocommands for "*":0:1
055.157  002.143  001.945: sourcing nvim_exec2() called at VimEnter Autocommands for "*":0
055.163  000.032: VimEnter autocommands
055.254  000.091: UIEnter autocommands
055.257  000.003: before starting main loop
055.694  000.003  000.003: sourcing nvim_exec2() called at CursorMoved Autocommands for "*":0
055.701  000.001  000.001: sourcing nvim_exec2() called at CursorMoved Autocommands for "*":0
056.023  000.030  000.030: require('undo-glow.color')
056.026  000.065  000.035: require('undo-glow.config')
056.082  000.055  000.055: require('undo-glow.easing')
056.145  000.062  000.062: require('undo-glow.animation')
056.148  000.400  000.218: require('undo-glow')
056.207  000.028  000.028: require('undo-glow.highlight')
056.282  001.021  000.589: require('undo-glow')
056.335  000.051  000.051: require('undo-glow.commands')
056.380  000.042  000.042: require('undo-glow.utils')
056.739  000.368: first screen update
056.741  000.002: --- NVIM STARTED ---

